,word,definition,frequency
0,ὁ,"
		the following
    	",1
1,τόνος,"
		that by which a thing is stretched,
    	",1
2,τονή,"
		prolongation
    	",1
3,δέ,"
		but
    	",24
4,ἀπαμείβομαι,"
		reply, answer,
    	",1
5,πρόσφημι,"
		speak to, address
    	",2
6,πολύμητις,"
		of many counsels,
    	",1
7,Ὀδυσσεύς,"
		Odysseus,
    	",1
8,Ἀλκίνοος,"
[definition unavailable]
",1
9,Κρείων,"
		Creon.
    	",1
10,κρείων,"
		ruler, lord, master
    	",1
11,κρεῖον,"
		meat-tray, dresser
    	",1
12,πᾶς,"
[definition unavailable]
",1
13,πᾶϲ,"
[definition unavailable]
",1
14,ἀριδείκετος,"
		famous, glorious
    	",1
15,λᾶας,"
		stone
    	",1
16,λαός,"
		men
    	",1
17,ἄημι,"
		vā´ti
    	",3
18,ἀάω,"
		hurt, damage,
    	",1
19,ἐάω,"
		suffer, permit
    	",1
20,ἐή,"
[definition unavailable]
",3
21,εἰμί,"
		sum
    	",1
22,ἧ,"
		where,
    	",2
23,ᾗ,"
		which way, where, whither
    	",3
24,ἤ,"
		or
    	",3
25,ἤ2,"
		hi
    	",3
26,ἦ,"
		in truth, of a surety
    	",3
27,ἦ2,"
		sum
    	",3
28,ἦ3,"
[definition unavailable]
",3
29,ἦ4,"
		surely, doubtless
    	",3
30,ἠέ,"
		ah!
    	",3
31,ἠμί,"
		say
    	",3
32,ἵημι,"
		Ja-c-io
    	",1
33,ὅς,"
		his, her,
    	",1
34,σύ,"
		thou
    	",1
35,τοι,"
		let me tell you, mark you, look you
    	",2
36,τοι2,"
[definition unavailable]
",2
37,μέν,"
		indeed, of a truth
    	",4
38,μένω,"
		stay, wait
    	",1
39,ὅδε,"
		this,
    	",1
40,κάλως,"
		reefing rope, reef
    	",1
41,κᾶλον,"
		wood
    	",2
42,καλός,"
		beautiful
    	",1
43,ἀκούω,"
		hear
    	",1
44,ἀοιδάω,"
[definition unavailable]
",2
45,ἀοιδός,"
		singer, minstrel, bard,
    	",2
46,τοιόσδε,"
		such as this,
    	",1
47,ὄις,"
		ram
    	",1
48,οἷος,"
		such as, of what sort,
    	",1
49,οἶος,"
		alone
    	",1
50,ὁδάω,"
		export and sell
    	",1
51,ὁδός,"
		a way, path, track, road, highway
    	",1
52,θέω,"
		dhávate
    	",1
53,θέω2,"
		shine, gleam
    	",1
54,θεάω,"
[definition unavailable]
",1
55,θεός,"
		God, the Deity
    	",2
56,ἐναλίγκιος,"
		like, resembling
    	",1
57,αὐδάω,"
		utter sounds, speak,
    	",1
58,αὐδή,"
		human voice, speech
    	",1
59,ἕ,"
		sui.
    	",1
60,οὗ,"
		where
    	",7
61,οὗ2,"
		him, her
    	",7
62,οὐ,"
		fact
    	",1
63,οὐ10,"
		no truly
    	",1
64,οὐ11,"
		assuredly not
    	",1
65,οὐ12,"
		no truly, nay verily
    	",1
66,οὐ13,"
		on the contrary . . not
    	",1
67,οὐ14,"
		surely not, verily not
    	",1
68,οὐ15,"
		since
    	",1
69,οὐ16,"
		not however
    	",1
70,οὐ17,"
		nevertheless, notwithstanding, yet, still
    	",1
71,οὐ18,"
		never yet ai any time
    	",1
72,οὐ2,"
		for not
    	",1
73,οὐ3,"
		indeed
    	",1
74,οὐ4,"
		for surely not
    	",1
75,οὐ5,"
		no,—certainly not
    	",1
76,οὐ6,"
		for I don't suppose
    	",1
77,οὐ7,"
		for in no manner
    	",1
78,οὐ8,"
		certainly not, in sooth not
    	",1
79,οὐ9,"
[definition unavailable]
",1
80,γάρ,"
		for
    	",6
81,γάρος,"
		sauce
    	",6
82,ἐγώ,"
		I at least, for my part, indeed, for myself
    	",1
83,γε,"
		at least, at any rate
    	",13
84,τίς,"
		who? which?
    	",1
85,τις,"
		anyone, anything
    	",1
86,φῆμις,"
		speech, talk,
    	",2
87,φημί,"
		Spir. Prooem., Eratosth.Prooem.
    	",2
88,τέλος,"
		coming to pass, performance, consummation
    	",1
89,χαρίεις,"
		graceful, beautiful
    	",1
90,ὅστε,"
		who, which,
    	",1
91,ὅστις,"
		that
    	",2
92,ὅτε,"
		when, at the time when
    	",2
93,ὅτε2,"
		when, at the time when
    	",2
94,ὅτι,"
		that
    	",2
95,ὅτι2,"
		that
    	",1
96,εὐφρόσυνος,"
		cheery, merry
    	",1
97,εὐφροσύνη,"
		mirth, merriment
    	",1
98,ἔχις,"
		viper
    	",1
99,ἔχω,"
		check
    	",2
100,ἔχω2,"
		bear, carry, bring
    	",2
101,χάω,"
[definition unavailable]
",1
102,χέω,"
		pour
    	",1
103,ἄατος,"
[definition unavailable]
",2
104,ἄτη,"
		bewilderment, infatuation,
    	",1
105,ἆτος,"
		insatiable.
    	",2
106,ἀίτας,"
		a beloved youth, favourite
    	",10
107,ἔτης,"
		clansmen
    	",1
108,ἔτος,"
		year
    	",1
109,ἐτάζω,"
		examine, test,
    	",2
110,εἶτα,"
		then, next,
    	",10
111,κάτος,"
		following
    	",10
112,κατά,"
		downwards.
    	",4
113,κατά2,"
[definition unavailable]
",4
114,δῆμος,"
		a country-district, country, land
    	",1
115,δημός,"
		fat
    	",1
116,ἅπας,"
		sṃ-,
    	",1
117,ἀπαντάω,"
		move from
    	",1
118,ἀπαντή,"
[definition unavailable]
",1
119,δαιτυμών,"
		one that is entertained, guest,
    	",1
120,ἄνα,"
		king,
    	",1
121,ἄνα2,"
[definition unavailable]
",1
122,ἄναξ,"
		lord, master,
    	",1
123,ἄνη,"
		fulfilment,
    	",1
124,ἄνοος,"
		without understanding, silly,
    	",3
125,ἀνά,"
		on board
    	",1
126,ἀνάζω,"
[definition unavailable]
",1
127,δῶμα,"
		house
    	",1
128,δωμάω,"
		build
    	",1
129,ἀκουάζομαι,"
		hear, listen to
    	",1
130,ἧμαι,"
		ēs-
    	",1
131,ἑξείης,"
		in order, one after another
    	",1
132,ἑξῆς,"
		one after another, in order, in a row,
    	",4
133,ἔξεστι,"
		it is allowed, is possible,
    	",1
134,ἐξίημι,"
		send out, let
    	",1
135,παρά,"
		beside
    	",2
136,πῆρος,"
		loss of strength, dotage
    	",1
137,πηρός,"
		disabled in a limb, maimed
    	",1
138,δέομαι,"
		lack
    	",22
139,δέω,"
		bind, tie, fetter,
    	",1
140,δέω2,"
		lack, miss, stand in need of,
    	",1
141,δεῖ,"
		there is need
    	",22
142,πίμπλημι,"
		fill
    	",1
143,πλήθω,"
		to be full,
    	",1
144,τράπεζα,"
		table,
    	",1
145,σῖτος,"
		grain
    	",1
146,σιτέομαι,"
		to take food, eat
    	",1
147,σιτέω,"
		take food, eat
    	",1
148,ἀκή,"
		point
    	",1
149,ἀκή2,"
		silence
    	",1
150,ἀκή3,"
		healing
    	",1
151,αἴ,"
		ha!
    	",1
152,αἴ2,"
[definition unavailable]
",1
153,εἰ,"
		if
    	",1
154,εἰ2,"
[definition unavailable]
",1
155,καί,"
		and
    	",9
156,καί2,"
		and now
    	",9
157,καί3,"
		and so
    	",9
158,καί4,"
		and indeed, and further
    	",9
159,καίω,"
		kindle
    	",1
160,κρέας,"
		flesh, meat
    	",1
161,μέθυ,"
		wine
    	",4
162,ἐκ,"
		from out of,
    	",2
163,κρατήρ,"
		mixing vessel
    	",1
164,ἄφυσσα,"
[definition unavailable]
",1
165,ἀφύσσω,"
		draw
    	",1
166,οἰνόχοος,"
		cupbearer,
    	",1
167,οἰνοχόος,"
		a wine-pourer, cupbearer
    	",1
168,φορέω,"
		repeated
    	",1
169,ἐγχείη,"
		spear, lance
    	",1
170,ἐγχείη2,"
[definition unavailable]
",1
171,ἐγχύνω,"
[definition unavailable]
",1
172,δέπας,"
		beaker, goblet,
    	",1
173,οὗτος,"
		this
    	",2
174,ἔνειμι,"
		sum
    	",3
175,ἔνιοι,"
		some;
    	",3
176,ἐν,"
		in, into.
    	",1
177,ἐνίημι,"
		send in
    	",1
178,εἷς,"
		sem
    	",1
179,φρήν,"
		midriff,
    	",1
180,εἴδομαι,"
		are visible, appear
    	",1
181,σός,"
		thy, thine
    	",1
182,ἐμός,"
		mine
    	",2
183,κήδεος,"
		the charge of burying
    	",1
184,κῆδος,"
		care about
    	",1
185,θύμον,"
		Cretan thyme, Thymbra capitata
    	",2
186,θύμος,"
		warty excrescence
    	",2
187,θυμός,"
		soul, spirit
    	",2
188,ἐπιτρέπω,"
		to turn to
    	",1
189,στονόεις,"
		causing groans
    	",1
190,ἔρομαι,"
		ask, inquire,
    	",1
191,εἴρω,"
		fasten together in rows, string
    	",1
192,εἴρω2,"
		say, speak, tell
    	",1
193,εἴρω3,"
		ask
    	",1
194,ὄφρα,"
		that, in order that
    	",5
195,ἔτι,"
		yet, still
    	",1
196,μᾶλλον,"
[definition unavailable]
",2
197,μαλλός,"
		flock of wool
    	",2
198,ὀδύρομαι,"
		lament, bewail,
    	",1
199,στεναχίζω,"
		groan, sigh, wail
    	",1
200,πρότερος,"
		before, in front
    	",4
201,πρῶτος,"
		first
    	",4
202,πρωτός,"
		destined
    	",4
203,ἔπειτα,"
		thereupon, thereafter, then,
    	",4
204,ὑστάτιος,"
		at last,
    	",1
205,καταλέγω,"
		lay down
    	",1
206,καταλέγω2,"
		recount, tell at length and in order
    	",1
207,κήδω,"
		trouble, distress
    	",1
208,ἕπομαι,"
		follow
    	",1
209,ἔπειμι,"
		sum
    	",1
210,ἔπειμι2,"
		ibo
    	",1
211,ἔπος,"
		vácas
    	",1
212,ἐπεί,"
		after that, since, when,
    	",11
213,πολύς,"
		many,
    	",1
214,δίδωμι,"
		Aër.
    	",1
215,Οὐρανίωνες,"
		the heavenly ones, gods
    	",1
216,νῦν,"
		now,
    	",1
217,νῦν2,"
		now, even now,
    	",1
218,ὄνομα,"
		name
    	",1
219,ὀνομάζω,"
		speak of by name, call
    	",1
220,μυθέομαι,"
		speak
    	",1
221,μυθέω,"
[definition unavailable]
",1
222,εἶδον,"
		to see
    	",1
223,οἶδα,"
		to know
    	",1
224,ἄν,"
		he came,
    	",2
225,ἄν2,"
",1
226,ἄνω,"
		accomplish, finish,
    	",1
227,ἐάν,"
		if haply, if
    	",1
228,φεύγω,"
		flee, take flight,
    	",1
229,φυγή,"
		flight
    	",1
230,ὑπό,"
		úpa
    	",6
231,νηλεής,"
		pitiless, ruthless,
            relentless;
    	",1
232,νηλής,"
		pitiless, ruthless,
    	",3
233,ἦμαρ,"
		day
    	",2
234,ξένος,"
		foreign
    	",1
235,ἑός,"
		his, her own,
    	",1
236,ἠώς,"
		dawn
    	",1
237,ἀπόπροθι,"
		far away,
    	",2
238,ναίω,"
		dwell, abide
    	",1
239,ναίω2,"
		to run over, to be full
    	",1
240,νήιος,"
		of
    	",1
241,ἕννυμι,"
		ves-,
    	",1
242,ἕζομαι,"
		seat oneself, sit
    	",1
243,εἷμα,"
		garment
    	",1
244,εἶμι,"
		to go
    	",1
245,εἶμι2,"
		ibo
    	",1
246,Λαερτιάδης,"
		son of
            Laertes
    	",1
247,ὅσος,"
		as great as, how great
    	",1
248,πᾶσις,"
		acquisition, possession
    	",3
249,δόλος,"
[definition unavailable]
",1
250,δολόω,"
		beguile, ensnare, take by craft,
    	",1
251,ἄνθρωπος,"
		man,
    	",5
252,μέλω,"
		to be an object of care
    	",1
253,κλέος,"
		rumour, report
    	",2
254,οὐρανός,"
		heaven
    	",2
255,ἵκω,"
		come
    	",1
256,ναιετάω,"
		dwell
    	",1
257,Ἰθάκη,"
		to Ithaca
    	",2
258,εὐδείελος,"
		clear, distinct
    	",1
259,ὅρος,"
		boundary, landmark,
    	",1
260,ὄρος,"
		mountain, hill,
    	",1
261,ὀρός,"
		the watery
    	",1
262,ἀυτέω,"
		to cry
    	",1
263,ἀυτή,"
		to cry
    	",1
264,αὐτός,"
		self
    	",1
265,ἑαυτοῦ,"
		Stadtrecht von Gortyn
    	",1
266,Νήριτος,"
[definition unavailable]
",1
267,νήριτος,"
		countless, immense,
    	",1
268,εἰνοσίφυλλος,"
		with quivering foliage
    	",1
269,ἀριπρεπής,"
		very distin guished,
    	",1
270,ἀμφί,"
		abhitas
    	",5
271,νέω,"
		swim,
    	",1
272,νέω2,"
		spin,
    	",1
273,νέω3,"
		heap, pile up,
    	",1
274,νέω4,"
		next year,
    	",1
275,νῆσος,"
		island,
    	",4
276,νησόομαι,"
		become an island,
    	",1
277,μάλα,"
		very, exceedingly
    	",2
278,μάλη,"
		arm-pit
    	",2
279,μᾶλον,"
		apple
    	",2
280,μαλός,"
		white-tailed
    	",2
281,μῆλον2,"
		apple
    	",5
282,σχεδόν,"
		near, hard by
    	",1
283,ἀλλήλων,"
		of one another, to one another, one another
    	",1
284,τε,"
		both . . and
    	",1
285,Σάμη,"
		Same
    	",1
286,ὑλήεις,"
		woody, wooded,
    	",1
287,Ζάκυνθος,"
		Zacynthus
    	",1
288,χθαμαλός,"
		near the ground, on the ground, low,
    	",1
289,πανυπέρτατος,"
		highest of all
    	",1
290,εἰνάς,"
		the ninth day of the month
    	",2
291,ἅλς,"
		sea
    	",1
292,ἁλίς,"
[definition unavailable]
",1
293,κέω,"
[definition unavailable]
",1
294,κεῖμαι,"
		Aër.
    	",1
295,πρός,"
		on the side of, in the direction of,
    	",1
296,ζόφος,"
		nether darkness
    	",1
297,αἶα,"
		earth,
            land;
    	",1
298,αἶα2,"
		avia.
    	",1
299,αἶα3,"
[definition unavailable]
",1
300,αἰάζω,"
		cry
    	",1
301,αἰαῖ,"
		ah!
    	",1
302,ἄνευθε,"
		without,
    	",1
303,ἥλιος,"
		sun
    	",2
304,ἠέλιος,"
		sun;
    	",2
305,τραχύς,"
		jagged,
    	",1
306,ἄλλος,"
		other, another
    	",1
307,ἀλλά,"
		otheruise
    	",1
308,ἀναλάζομαι,"
		take again,
    	",1
309,ἐλλός,"
		young deer
    	",4
310,ἀγάω,"
[definition unavailable]
",1
311,ἀγαθός,"
		good:
    	",1
312,γαθέω,"
		be delighted
    	",1
313,γηθέω,"
		rejoice
    	",1
314,κουροτρόφος,"
		rearing children
    	",1
315,ἀείδω,"
		Il.Parv..
    	",2
316,ἥδομαι,"
		swād-
    	",1
317,ἧσις,"
		Jewsand Christians in Egypt
    	",2
318,κάθημαι,"
		to be seated, sit
    	",3
319,γαῖα,"
		land, country
    	",6
320,δύναμαι,"
		to be able, strong enough
    	",1
321,γλυκερός,"
		sweet
    	",1
322,γλυκύς,"
		sweet to the taste
    	",1
323,ἁμός,"
		our, ours
    	",1
324,ἄμη,"
		shovel,
    	",2
325,ἀμάω,"
		reap corn,
    	",2
326,ἀμάω2,"
		draw, gather
    	",2
327,ἀμίς,"
		chamber-pot,
    	",2
328,ἐγώγε,"
[definition unavailable]
",11
329,ἡμός,"
[definition unavailable]
",1
330,αὐτόθεν,"
		from the very spot
    	",2
331,αὐτόθι,"
		on the spot,
    	",2
332,ἐρύκω,"
		keep in, curb, restrain,
    	",1
333,Καλυψώ,"
		Calypso
    	",1
334,καλύπτω,"
		oc-culo, celo.
    	",1
335,Δίη,"
[definition unavailable]
",5
336,Δίον,"
[definition unavailable]
",5
337,Δῖα,"
[definition unavailable]
",5
338,Ζεύς,"
		dyaús
    	",1
339,δῖος,"
		heavenly,
    	",5
340,διά,"
		through;
    	",5
341,διάζομαι,"
		set the warp in the loom,
    	",5
342,θέα,"
		a seeing, looking at, view
    	",2
343,θέα2,"
		seeing, looking at
    	",2
344,θεά,"
		goddess
    	",2
345,σπέος,"
		cavern, grotto
    	",1
346,γλαφυρός,"
		hollow, hollowed
    	",1
347,λιλαίομαι,"
		long
    	",1
348,πόσις,"
		drinking, drink, beverage,
    	",2
349,πούς,"
		foot,
    	",1
350,οὖς,"
		Cultes Egyptiens
    	",6
351,ὡς,"
		as, how;
    	",6
352,ὦσις,"
		thrusting, pushing,
    	",6
353,ὠθέω,"
		thrust, push,
    	",1
354,αὔτως,"
		in this very manner, even so,
    	",1
355,Κίρκη,"
		Circe
    	",1
356,κίρκη,"
		bird
    	",1
357,κατερητύω,"
		hold back, detain
    	",1
358,Μέγαρα,"
		to Megara
    	",1
359,Μέγαρα2,"
[definition unavailable]
",1
360,μέγαρον,"
		large room, hall
    	",1
361,δολόεις,"
		subtle, wily,
    	",1
362,πότε,"
		when? at what time?
    	",1
363,πότος,"
		drinking-bout, carousal,
    	",2
364,ποτέ,"
		at some time
    	",1
365,ποτέ2,"
		at some time, once, some day.
    	",1
366,ποτός,"
		drunk, for drinking,
    	",2
367,στῆθος,"
		breast
    	",1
368,πείθω,"
		persuade
    	",1
369,οὐδείς,"
		not one
    	",2
370,γλύκιος,"
		sugary, sickly
    	",1
371,πατρίς,"
		of one's fathers
    	",1
372,ἔδω,"
		eat
    	",1
373,οὐδέ,"
		but not
    	",5
374,οὐδέ2,"
		and) in no wise
    	",5
375,οὐδέ3,"
		and not yet, not as yet
    	",5
376,οὐδός,"
		threshold
    	",1
377,τοκεύς,"
		one who begets, father,
    	",2
378,γίγνομαι,"
		come into a new state of being
    	",1
379,εἶα,"
		on! up! away
    	",6
380,εἰάζω,"
		cry
    	",1
381,πέρ,"
		all
    	",5
382,πίων,"
		fat
    	",7
383,οἶκος,"
		house,
    	",3
384,ἀλλοδαπός,"
		aliud
    	",1
385,ἀπάνευθε,"
		afar off, far away,
    	",1
386,ἄγε,"
		come on!
    	",2
387,ἄγω,"
		lead, carry, fetch, bring
    	",1
388,ἀγός,"
		leader, chief
    	",1
389,νόστος,"
		return home,
    	",1
390,πολυκηδής,"
		full of care, grievous,
    	",1
391,ἐνέπω,"
		tell
    	",1
392,ἐνέπω2,"
		say, tell
    	",1
393,ἐφίημι,"
		send to
    	",1
394,ἀπό,"
		ápa,
    	",1
395,Τροίαθεν,"
		from Troy
    	",2
396,Ἰλιόθεν,"
		from Troy
    	",1
397,Φεραί,"
		Pherae
    	",2
398,φέρω,"
		fero,
    	",1
399,ἄνεμος,"
		wind,
    	",2
400,Κίκονες,"
		Ciconians
    	",2
401,πελάζω,"
		approach, draw near
    	",1
402,Ἴσμαρος,"
[definition unavailable]
",1
403,ἔνθα,"
		there,
    	",4
404,πόλις,"
		city,
    	",1
405,πέρθω,"
		waste, ravage, sack
    	",1
406,ὄλλυμι,"
		destroy, make an end of,
    	",1
407,πολιός,"
		grey, grizzled, grisly,
    	",1
408,ἄλοχος,"
		partner of one's bed, wife,
    	",1
409,κτῆμα,"
		anything gotten, piece of property, possession
    	",1
410,λαμβάνω,"
		a
    	",1
411,δατέομαι,"
		divide among themselves,
    	",2
412,ἁμοῦ,"
		somewhere,
    	",2
413,ἐμέω,"
		vomit, throw up
    	",1
414,μάομαι,"
[definition unavailable]
",2
415,μή,"
		mā´
    	",2
416,μή2,"
[definition unavailable]
",2
417,μή3,"
		lest perchance
    	",2
418,μής,"
[definition unavailable]
",2
419,ἀτέμβω,"
		maltreat,
    	",2
420,κίω,"
		go
    	",1
421,ἴσος,"
		equal
    	",1
422,ἰσάζω,"
		make equal, balance
    	",1
423,ἔρχομαι,"
		ibo
    	",1
424,διεράω,"
		strain through,
    	",1
425,διερέω,"
		wet, moisten,
    	",1
426,διερός,"
		active, alive,
    	",1
427,διερῶ,"
		say fully, distinctly, expressly,
    	",1
428,ποδίς,"
		shoe.
    	",1
429,ἄνωγα,"
		command, order,
    	",1
430,Μέγης,"
[definition unavailable]
",1
431,μέγας,"
		big
    	",1
432,νήπιος,"
		infant, child,
    	",1
433,πίνω,"
		Aër.
    	",1
434,μήλη,"
		probe
    	",5
435,μῆλον,"
		sheep
    	",5
436,σφάζω,"
		slay, slaughter
    	",1
437,θίς,"
		heap
    	",1
438,εἰλίπους,"
		rolling in their gait
    	",1
439,εἰλιπόδης,"
[definition unavailable]
",1
440,ἕλιξ,"
		twisted, curved
    	",1
441,ἕλιξ2,"
		anything which assumes a spiral shape
    	",1
442,ἑλίκη,"
		winding
    	",1
443,ἑλικός,"
		eddying
    	",1
444,βοῦς,"
		bullock, bull, ox
    	",1
445,τόφρα,"
		up to
    	",2
446,ἄρα,"
		i[rtilde]
    	",1
447,ἄρα2,"
[definition unavailable]
",1
448,ἄρον,"
		cuckoo-pint, Arum italicum,
    	",3
449,ἆρα,"
		particle introducing a question
    	",3
450,ἆρα2,"
		anxiety
    	",3
451,ἀρά,"
		prayer,
    	",3
452,ἀρά3,"
		prayer
    	",3
453,ἀράομαι,"
		pray to
    	",3
454,ἀράζω,"
		snarl, growl,
    	",1
455,ἀρή,"
		bane, ruin,
    	",3
456,ἀρίς,"
		bow-drill,
    	",4
457,ἀρόω,"
		plough, till,
    	",1
458,αἴρω,"
		to take up, raise, lift up
    	",3
459,ἔρις,"
[definition unavailable]
",4
460,ἔρος,"
		wool,
    	",3
461,ἐράω,"
		love,
    	",3
462,ἐράω2,"
		pour forth, vomit,
    	",3
463,οἴχομαι,"
		go
    	",2
464,γεγωνέω,"
		to tell out, proclaim
    	",1
465,οἴη,"
[definition unavailable]
",1
466,οἴη2,"
[definition unavailable]
",1
467,οἶις,"
		sheep,
    	",2
468,οἰάω,"
[definition unavailable]
",1
469,σφεῖς,"
		Rendic.Pont. Accad.Rom. di Arch.
    	",1
470,γείτων,"
		neighbour, borderer
    	",1
471,ἀσάω,"
		glut oneself, take a surfeit,
    	",2
472,ἅμα,"
		at once, at the same time,
    	",2
473,ἅμα2,"
		at the same time
    	",2
474,πλείων,"
		more,
    	",1
475,Ἄρειος,"
		the hill of Ares,
    	",1
476,Ἀρείων,"
		Arīon
    	",1
477,ἄρειος,"
		devoted to Ares, warlike, martial
    	",1
478,ἀρείων,"
		better, stouter, braver,
    	",1
479,ἤπειρος,"
		terra firma, land
    	",1
480,ἐφίστημι,"
		set, place upon
    	",1
481,ἐπίσταμαι,"
		know
    	",1
482,ἐπιστάζω,"
		let fall in drops upon
    	",1
483,Ἆπις,"
		Apis
    	",2
484,Ἀπις,"
		Apis,
    	",2
485,ἄπαις,"
		childless,
    	",2
486,ἄπιος,"
		far away, far off, distant,
    	",2
487,ἵππος,"
		horse
    	",1
488,ἱππών,"
		place for horses
    	",1
489,ἀνήρ,"
		nar-
    	",1
490,μάρναμαι,"
		fight, do battle
    	",1
491,ὅθι,"
		where,
    	",2
492,χράομαι,"
		consulting
    	",1
493,χράω,"
		fall upon, attack, assail,
    	",1
494,χράω2,"
		proclaim,
    	",1
495,χραύω,"
		scrape, graze, wound slightly,
    	",1
496,χρή,"
		sum
    	",1
497,χρῆ,"
		need, necessity
    	",1
498,χρῆ2,"
		desires
    	",1
499,πεζός,"
		on foot, walking
    	",1
500,ἐφέζομαι,"
		sit upon
    	",2
501,ἐπιέννυμι,"
		put on besides
    	",2
502,φύλλον,"
		leaf
    	",1
503,φυλλάς,"
		leafy,
    	",1
504,φυλλάζω,"
		frondesco,
    	",1
505,ἄνθος,"
		bird,
    	",2
506,ὁράω,"
		Inscr. destombeaux des rois
    	",1
507,ὥρα,"
		sūra.
    	",1
508,ὥρα2,"
		any period,
    	",1
509,ὤρα,"
		care, concern,
    	",1
510,ὦρος,"
[definition unavailable]
",1
511,ὠρέω,"
[definition unavailable]
",1
512,ἀέριος,"
		misty
    	",1
513,ἠέριος,"
		early, at
    	",1
514,τότε,"
		at that time, then,
    	",8
515,τοτέ,"
		at times, now and then
    	",8
516,τοτέ2,"
		at times, now and then,
    	",8
517,Δεύς,"
[definition unavailable]
",22
518,δή,"
		exactness
    	",22
519,δήω,"
		to find, meet with
    	",22
520,ῥάζω,"
		snarl
    	",1
521,ῥᾶ,"
		easily
    	",1
522,ῥᾶ2,"
		rhubarb, Rheum officinale
    	",1
523,ῥαίνω,"
		sprinkle, besprinkle
    	",1
524,κάκη,"
		wickedness, vice
    	",1
525,κακός,"
		bad
    	",1
526,Αἶσα,"
		who dispenses to every one his lot
    	",1
527,παρίστημι,"
		cause to stand, place beside
    	",1
528,αἰνόμορος,"
		doomed to a sad end
    	",1
529,ἵνα,"
		in that place, there
    	",1
530,ἴνη,"
[definition unavailable]
",1
531,ἴνος,"
[definition unavailable]
",1
532,ἴς,"
		strength, force
    	",1
533,ἄλγος,"
		pain
    	",1
534,πάσχω,"
		have
    	",1
535,ἵστημι,"
		make to stand
    	",1
536,μάχομαι,"
		fight
    	",1
537,μάχη,"
		battle, combat
    	",1
538,μαχάω,"
		wish to fight
    	",1
539,συμμαχέω,"
		to be an ally, to be in alliance
    	",1
540,ναῦς,"
		ship,
    	",2
541,θοός,"
		pointed, sharp
    	",1
542,βάλλω,"
		throw
    	",1
543,χαλκήρης,"
		furnished
    	",1
544,ἤν,"
		if;
    	",2
545,ἤν2,"
		see there!
    	",2
546,ἀέξω,"
		augeo
    	",2
547,ἱερόν,"
		sacrifice,
            victim
    	",2
548,ἱερός,"
		filled with
    	",1
549,ἀλέξω,"
		raák[snull ]ati
    	",1
550,πλεονάζω,"
		to be more,
    	",1
551,ἦμος,"
		at which time, when
    	",8
552,μετανίσσομαι,"
		to pass over to the other side
    	",1
553,βουλυτόνδε,"
		towards even, at eventide
    	",1
554,κλίνη,"
		that on which one lies, couch
    	",1
555,κλίνω,"
		śráyati
    	",1
556,δαμάω,"
[definition unavailable]
",1
557,δαμάζω,"
		overpower
    	",1
558,Ἀχαιός,"
		Achaean,
    	",1
559,ἕξ,"
		six,
    	",2
560,ἐξ,"
[definition unavailable]
",2
561,ἕκαστος,"
		each,
    	",1
562,ναός,"
[definition unavailable]
",4
563,ἐυκνήμις,"
		well-equipped with greaves, well-greaved
    	",2
564,ἑταῖρος,"
		comrade, companion,
    	",1
565,ἑταιρέω,"
		keep company with,
    	",1
566,ἑλλός,"
		a young deer, fawn
    	",4
567,θάνατος,"
		death
    	",1
568,μόρον,"
		black mulberry
    	",1
569,μόρος,"
		fate, destiny
    	",1
570,ἔνθεν,"
		thence,
    	",4
571,ἐντίθημι,"
		put in
    	",4
572,προσερέω,"
		speak to, address, accost
    	",4
573,προτέρω,"
		further, forwards
    	",4
574,προτερέω,"
		to be before, be in advance
    	",4
575,πλέω,"
		sail, go by sea,
    	",1
576,ἀχεύω,"
		grieving, mourning,
    	",3
577,ἦτορ,"
		heart.
    	",4
578,ἄσμενος,"
		well-pleased, glad,
    	",2
579,ἀσμενέω,"
		wish for
    	",2
580,θανατάω,"
		desire to die
    	",1
581,θανατόω,"
		put to death
    	",1
582,φίλος,"
		beloved, dear,
    	",1
583,φῖλος,"
[definition unavailable]
",1
584,φιλέω,"
		love, regard with affection,
    	",1
585,φιλόω,"
[definition unavailable]
",1
586,ὕδης,"
		vádati
    	",9
587,ἄρος,"
		use, profit, help,
    	",3
588,ἔρα,"
		earth,
    	",3
589,ἔραμαι,"
		love,
    	",3
590,κίων,"
		pillar
    	",1
591,κιονίς,"
		uvula
    	",1
592,ἀμφιέλισσα,"
		rowed on both sides
    	",1
593,πρίν,"
		before, until.
    	",1
594,δείλη,"
		afternoon
    	",1
595,δειλός,"
		cowardly,
    	",1
596,ἑταίρα,"
		a companion
    	",3
597,τρίς,"
		thrice, three times,
    	",3
598,αὔω2,"
		cry out, shout, call aloud,
    	",1
599,θνήσκω,"
		to die, be dying
    	",1
600,μέτειμι,"
		sum), to be among
    	",1
601,μέτειμι2,"
		ibo
    	",1
602,πέδιον,"
[definition unavailable]
",1
603,πεδάω,"
		bind with fetters
    	",1
604,πεδίον,"
		a plain
    	",1
605,πεδίον2,"
		plain
    	",1
606,πεδίζω,"
		fetter,
    	",1
607,δηιόω,"
		to cut down, slay
    	",1
608,ἐπόρνυμι,"
		stir up, arouse, excite,
    	",1
609,Βορέας,"
		north wind
    	",1
610,νεφεληγερέτα,"
		cloud-gatherer,
    	",1
611,λαῖλαψ,"
		furious storm, hurricane
    	",1
612,θεσπέσιος,"
		divinely sounding, divinely sweet
    	",1
613,σύν,"
		with.
    	",1
614,ὗς,"
		whither,
    	",1
615,νέφος,"
		cloud, mass of clouds,
    	",1
616,ὁμός,"
		one and the same, common, joint,
    	",2
617,ὁμόω,"
		unite
    	",2
618,ὁμοῦ,"
		at the same place, together,
    	",2
619,πόντος,"
		sea,
    	",1
620,ὄρνυμι,"
		ṛṇóti
    	",1
621,οὐρανόθεν,"
		from heaven, down from heaven
    	",2
622,νύξ,"
		night
    	",2
623,νύξις,"
		pricking, stabbing,
    	",1
624,νύσσω,"
		touch with a sharp point, prick, stab, pierce,
    	",1
625,ἐπικάρσιος,"
		cross-wise, at an angle
    	",1
626,ἑστία,"
		hearth of a house,
    	",3
627,ἑστιάω,"
		receive at one's hearth
    	",3
628,ἱστίον,"
		web, cloth, sheet
    	",3
629,τριχθά,"
		into
    	",1
630,τετραχθά,"
		in four
            parts.
    	",1
631,διασχίζω,"
		cleave asunder, sever,
    	",1
632,ἀνεμέω,"
		vomit up,
    	",2
633,ἀνεμόομαι,"
		to be filled with wind,
    	",1
634,ἀνεμόω,"
		to expose to the wind:—
    	",2
635,ἆ,"
		ah!
    	",2
636,ἆ3,"
[definition unavailable]
",2
637,ἒ,"
		woe! woe
    	",2
638,εἰς,"
		into
    	",1
639,νηάς,"
[definition unavailable]
",6
640,καθίημι,"
		let fall, drop, send down
    	",1
641,δείδω,"
		to fear
    	",1
642,ὄλεθρος,"
		ruin, destruction, death,
    	",5
643,ἐσσύμενος,"
		hurrying, eager, impetuous,
    	",1
644,σεύω,"
		put in quick motion, drive
    	",1
645,προερέσσω,"
		row forwards,
    	",1
646,ἤπειρόνδε,"
		to the mainland
    	",2
647,δύο,"
		Acut.(Sp.
    	",1
648,δύω2,"
		cause to sink, sink, plunge in
    	",6
649,δυάω,"
		plunge in misery,
    	",6
650,συνεχής,"
		holding together
    	",1
651,συνόχωκα,"
		to be
    	",1
652,ἀεί,"
		ever, always
    	",3
653,ἀίω,"
		to perceive
    	",1
654,κάματος,"
		toil, trouble
    	",1
655,καματάω,"
[definition unavailable]
",1
656,τρίτος,"
		third,
    	",1
657,εὐπλόκαμος,"
		with goodly locks, fairhaired
    	",1
658,τέλεσις,"
		event, fulfilment,
    	",1
659,τελέω,"
		fulfil, accomplish, execute, perform
    	",1
660,ἱστός,"
		anything set upright
    	",1
661,λεύκη,"
		leprosy
    	",1
662,λεῦκος,"
		a fish
    	",1
663,λευκάς,"
		mountain deadnettle, Lamium maculatum
    	",1
664,λευκόν,"
		white
    	",1
665,λευκός,"
		light, bright, clear
    	",1
666,ἐρύω,"
		drag, draw,
    	",1
667,ἐρύω2,"
		se-srū-,
    	",1
668,κυβερνάω,"
		steer
    	",1
669,κυβερνήτης,"
		steersman, pilot
    	",1
670,ἰθύνω,"
		make straight, straighten
    	",1
671,ἀσκέω,"
		work
    	",1
672,ἀσκηθής,"
		unhurt, unscathed,
    	",1
673,ἱκνέομαι,"
		come
    	",5
674,κῦμα,"
		anything swollen
    	",1
675,κυμάς,"
		pregnant woman
    	",3
676,ῥόος,"
		stream, flow of water, current
    	",1
677,περιγνάμπτω,"
		double
    	",1
678,Μάλεια,"
		Malea
    	",1
679,ἀπωθέω,"
		thrust away, push back,
    	",1
680,παραπλάζω,"
		cause to wander from the right way
    	",1
681,Κύθηρα,"
		from Cythera
    	",1
682,ἐννῆμαρ,"
		for nine days,
    	",1
683,ὀλοός,"
		destructive, deadly,
    	",1
684,ἐπί,"
		on, upon with gen., dat., and acc.
    	",1
685,ἐπί2,"
		being upon
    	",1
686,ἰχθυόεις,"
		full of fish, fishy
    	",1
687,ἀτάρ,"
		but, nevertheless,
    	",1
688,δέκατος,"
		tenth,
    	",1
689,δεκάτη,"
[definition unavailable]
",1
690,ἐπιβαίνω,"
		go upon
    	",1
691,πέσσω,"
		Acut.(Sp.)
    	",1
692,Λωτοφάγοι,"
		Lotus-eaters
    	",1
693,λωτοφάγοι,"
		Lotus-eaters
    	",1
694,ἄνθινος,"
		of
    	",1
695,ἀνθινός,"
		like flowers, blooming, fresh
    	",1
696,εἶδαρ,"
		food
    	",1
697,ἀπειρόω,"
		multiply to infinity,
    	",1
698,ἠπειρόω,"
		to make into mainland
    	",1
699,βαίνω,"
		walk, step,
    	",1
700,ὕδωρ,"
		water,
    	",1
701,αἶψα,"
		quick, forthwith, on a sudden
    	",6
702,δεῖπνον,"
		meal
    	",2
703,δεῖπνος,"
[definition unavailable]
",2
704,αἱρέω,"
		take with the hand, grasp, seize
    	",1
705,θοάζω,"
		move quickly, ply rapidly
    	",1
706,θοάζω2,"
		sit
    	",1
707,θοάζω3,"
[definition unavailable]
",1
708,πατέομαι,"
		eat
    	",1
709,αἰδέομαι,"
		to be ashamed
    	",2
710,ἡδύς,"
		pleasant
    	",1
711,ἠδέ,"
		and
    	",2
712,ποτής,"
		drink,
    	",1
713,ποτητός,"
		flying, winged
    	",1
714,προίημι,"
		to send before, send on
    	",1
715,πεύθομαι,"
		give notice, lay an information,
    	",1
716,τίνω,"
		pay a price
    	",1
717,εἶεν,"
		well!
    	",2
718,χθόνιος,"
		in, under,
    	",1
719,χθών,"
		earth,
    	",1
720,κρίνω,"
		separate, put asunder, distinguish
    	",2
721,τρίτατος,"
		in the third place,
    	",1
722,τριτάω,"
		when three days old,
    	",1
723,κῆρυξ,"
		herald, pursuivant
    	",1
724,ὀπάζω,"
		make to follow, send with
    	",1
725,μίγνυμι,"
		to mix, mix up, mingle, properly of liquids
    	",1
726,μήδομαι,"
		to be minded, intend
    	",1
727,ἡμέτερος,"
		our
    	",1
728,λωτέω,"
		play the flute
    	",3
729,λωτός,"
		clover, trefoil, Trifolium fragiferum
    	",1
730,πάομαι,"
		get, acquire
    	",1
731,πάσσω,"
		sprinkle
    	",1
732,ἐσθίω,"
		eat,
    	",1
733,φάγος,"
		glutton,
    	",1
734,φαγός,"
		a glutton
    	",1
735,μελιηδής,"
		honey-sweet
    	",2
736,καρπός,"
		wrist
    	",1
737,οὐκέτι,"
		no more, no longer, no further
    	",2
738,ἀπαγγέλλω,"
		bring tidings, report,
    	",1
739,πάλιν,"
		back, backwards
    	",2
740,ἐθέλω,"
		to be willing
    	",1
741,νέομαι,"
		go
    	",1
742,αὐτοῦ,"
		just there
    	",1
743,βούλομαι,"
		will, wish, be willing
    	",2
744,ἔμετος,"
		vomiting
    	",3
745,ἐμετός,"
		vomited
    	",3
746,μετά,"
		mip
    	",4
747,ἐρέπτομαι,"
		feed on,
    	",1
748,νοστέω,"
		go
    	",1
749,λανθάνω,"
		escape notice
    	",1
750,κλαίω,"
		cry, wail, lament
    	",1
751,ἀνάγκη,"
		force, constraint, necessity,
    	",1
752,ἀναγκάζω,"
		force, compel,
    	",1
753,ζυγή,"
		pair
    	",1
754,ζυγόν,"
		yoke
    	",1
755,κέλομαι,"
		urge, exhort, command.
    	",1
756,ἐρίηρος,"
		faithful, trusty
    	",2
757,ἐριηρά,"
		tax on wool,
    	",2
758,σπέρχω,"
		set in rapid motion
    	",1
759,νηέω,"
		heap, pile up,
    	",1
760,ὠκύς,"
		quick, swift, fleet,
    	",1
761,πῶς,"
		how? in what way
    	",1
762,πως,"
		in any way, at all, by any means
    	",1
763,φάγων,"
		glutton,
    	",1
764,εἰσβαίνω,"
		go on board
    	",4
765,κλείς,"
		clavis, claudo.
    	",4
766,κλῇσις,"
		a shutting up, closing
    	",4
767,καθίζω,"
		aB*
    	",4
768,ἕξις,"
		having, being in possession of, possession,
    	",4
769,πολίζω,"
		build a city
    	",1
770,πολιά,"
		greyness of hair,
    	",4
771,ἁλή,"
		salt-works
    	",6
772,ἁλής,"
		thronged, crowded, in a mass
    	",6
773,ἄλη,"
		wandering
    	",6
774,ἀλέα,"
		avoiding, escape
    	",6
775,τύπτω,"
		beat, strike, smite,
    	",4
776,ἐρετμόν,"
		oar,
    	",4
777,ἐρετμός,"
		rowing,
    	",4
778,ἐρετμόω,"
		furnish with oars, set to row,
    	",4
779,Κύκλωψ,"
		Round-eyed
    	",1
780,ὑπερφίαλος,"
		overbearing, overweening, arrogant,
    	",1
781,ἀθέμιστος,"
		unlawful
    	",1
782,ἀθεμιστέω,"
		dolawlessdeeds
    	",1
783,ἀθάνατος,"
		undying, immortal
    	",1
784,ἀθανατόω,"
		make immortal
    	",1
785,οὔτε,"
		and not
    	",1
786,φυτεύω,"
		of the thing planted, plant
    	",1
787,χέρσινος,"
[definition unavailable]
",5
788,χείρ,"
		b.
    	",1
789,φύω,"
		bring forth, produce, put forth,
    	",1
790,φυτόν,"
		plant
    	",1
791,φυτός,"
		shaped by nature, without art,
    	",1
792,οὔτι,"
		in no wise
    	",1
793,οὔτι2,"
		not, I suppose . . , surely you do not mean that
    	",1
794,οὔτι3,"
		not at all yet
    	",1
795,οὔτις,"
		no one
    	",1
796,οὐτάω,"
		wound, hurt, hit
    	",1
797,οὐτάζω,"
		to wound
    	",1
798,οὐτίς,"
[definition unavailable]
",1
799,ἄσπαρτος,"
		unsown, untilled,
    	",1
800,ἀνήροτος,"
		unploughed,
    	",1
801,πάντῃ,"
		every way, on every side
    	",12
802,πυρός,"
		wheat, Triticum vulgare
    	",1
803,πυρόω,"
		burn with fire, burn up
    	",1
804,κριθάω,"
		to be barley-fed, wax wanton
    	",1
805,κριθή,"
		barleycorns, barley
    	",1
806,ἄμπελος,"
		grape-vine, Vitis vinifera
    	",2
807,οἶνον,"
[definition unavailable]
",2
808,οἶνος,"
		wine,
    	",2
809,ἐριστάφυλος,"
		made of fine grapes,
    	",2
810,ὄμβρος,"
		heavy rain
    	",2
811,ἀγορά,"
		assembly
    	",1
812,ἀγοράομαι,"
		meet in assembly, sit in debate
    	",1
813,ἀγοράζω,"
		frequent the
    	",1
814,βουληφόρος,"
		counselling, advising
    	",1
815,θέμις,"
		that which is laid down
    	",1
816,ὑψηλός,"
		high, lofty,
    	",1
817,ὀρεύς,"
		mule,
    	",1
818,κάρηνον,"
		head
    	",1
819,θεμιστεύω,"
		declare law and right
    	",1
820,παῖς,"
		child
    	",1
821,ἀλέγω,"
		have a care, mind, heed
    	",2
822,λάχεια,"
		well-tilled, fertile
    	",1
823,παρέξ,"
		outside, before
    	",1
824,λιμήν,"
		harbour
    	",1
825,τανύω,"
		stretch, strain
    	",1
826,ἀποτηλοῦ,"
		far away
    	",1
827,ὗλις,"
		mud,
    	",1
828,αἴξ,"
		goat
    	",1
829,ἀπειρέσιος,"
		boundless, immense,
    	",1
830,ἄγριος,"
		living in the fields, wild, savage.
    	",2
831,ἀγρία,"
[definition unavailable]
",1
832,ἀγριάω,"
		to be savage
    	",1
833,πάτος,"
		robe worn by Hera
    	",1
834,ἀνθρωπώ,"
[definition unavailable]
",5
835,ἀπερύκω,"
		keep off
    	",1
836,μιν,"
		him, her, it
    	",11
837,εἰσοιχνέω,"
		go into, enter,
    	",1
838,κυνηγέτης,"
		huntsman
    	",1
839,ἀτάομαι,"
		suffer, be in distress,
    	",1
840,ἔθω,"
		to be accustomed, to be wont
    	",1
841,ἐθάς,"
		accustomed
    	",1
842,εἴθε,"
		would that!
    	",1
843,εἴτε,"
		sive..sive.., either..or.., whether..or..,
    	",1
844,καθά,"
		according as, just as,
    	",1
845,καθό,"
		in so far as, according as,
    	",1
846,μαράν,"
[definition unavailable]
",1
847,Ὕλη,"
		Hyle
    	",1
848,ὕλη,"
		forest, woodland,
    	",1
849,ὑλάω,"
		bark, bay,
    	",1
850,κορυφάς,"
		edge of the navel
    	",1
851,κορυφή,"
		head, top
    	",1
852,ἐφέπω,"
		ply, wield
    	",1
853,ποίμνη,"
		flock,
    	",1
854,κατίσχω,"
		hold back
    	",1
855,ἄροτος,"
		corn-field,
    	",1
856,ἀροτός,"
		arable,
    	",1
857,ἀνδρόω,"
		change into a man,
    	",2
858,ἀνδρών,"
		men's apartment
    	",2
859,ἐνιδρόω,"
		sweat in, labour hard in,
    	",2
860,χηρεύω,"
		to be without, lack,
    	",1
861,βόσκω,"
		feed, tend
    	",1
862,μηκάς,"
		bleating one
    	",3
863,Αἰγαί,"
[definition unavailable]
",1
864,μιλτοπάρῃος,"
		red-cheeked
    	",1
865,τέκτων,"
		worker in wood, carpenter, joiner
    	",1
866,Κῶς,"
		to Cos
    	",3
867,κάμνω,"
		work
    	",1
868,εὔσελμος,"
		well-benched
    	",2
869,τέλλω,"
		accomplish
    	",1
870,τελειόω,"
		make perfect, complete
    	",1
871,ἄστυ,"
		town,
    	",1
872,ἀστός,"
		townsman, citizen,
    	",1
873,ἔστε,"
		up to the time that, until,
    	",1
874,Οἶον,"
		Oeum,
    	",1
875,περάω,"
		drive right through
    	",1
876,περάω2,"
		to carry beyond seas for the purpose of selling, to export for sale
    	",1
877,θάλασσα,"
		sea
    	",2
878,ἐυκτίμενος,"
		well-built
    	",1
879,ὥριος,"
		produced in season,
    	",1
880,ὡριάς,"
[definition unavailable]
",1
881,λειμών,"
		any moist, grassy place, meadow
    	",1
882,Ἄλος,"
[definition unavailable]
",1
883,ἧλος,"
		nail-head, stud
    	",1
884,πόλιον,"
		hulwort, Teucrium Polium,
    	",1
885,πολέω,"
		go about, range ouer, haunt,
    	",1
886,πολιόω,"
		turn grey,
    	",1
887,Πάρις,"
		Paris
    	",2
888,Πάρος,"
		Paros,
    	",1
889,ὄχθη,"
		any height
    	",1
890,ὑδρηλός,"
		watery, moist,
    	",1
891,μαλακός,"
		soft
    	",1
892,μαλακόω,"
[definition unavailable]
",1
893,ἄφθιτος,"
		not liable to perish, undecaying, imperishable,
    	",1
894,ἄροσις,"
		arable land, corn-land,
    	",1
895,λεία,"
		tool for smoothing stone
    	",1
896,λεία2,"
		booty, plunder
    	",1
897,λείζομαι,"
[definition unavailable]
",1
898,λεῖος,"
		smooth
    	",1
899,βαθύς,"
		deep
    	",2
900,λήιον,"
		a crop
    	",1
901,ὥρασι,"
		in season, in good time,
    	",1
902,ἀμόω,"
		hang
    	",1
903,πῖαρ,"
		fat
    	",1
904,οὖδας,"
		surface of the earth, ground
    	",1
905,εὔορμος,"
		with good mooring-places
    	",1
906,χρεώ,"
		want, need;
    	",1
907,πεῖσμα,"
		ship's cable
    	",1
908,πεῖσμα2,"
		persuasion, confidence
    	",1
909,εὐνάω,"
		lay
    	",1
910,εὐνάζω,"
		lay
    	",1
911,εὐνή,"
		bed
    	",1
912,πρύμνα,"
		stern, poop
    	",1
913,πρυμνήσιος,"
		of a stern
    	",2
914,πρυμνός,"
		hindmost, undermost, end-most
    	",1
915,ἀνάπτω,"
		make fast on
    	",1
916,ἀναψάω,"
		wipe up,
    	",1
917,ἐπικέλλω,"
		bring
    	",1
918,χρόνος,"
		time,
    	",1
919,ναύτης,"
		seaman, sailor,
    	",1
920,ἐποτρύνω,"
		stir up, excite, urge on,
    	",2
921,ἐπιπνέω,"
		breathe upon, blow freshly upon
    	",1
922,ἀάζω,"
		breathe with the mouth wide open,
    	",1
923,ἀήτη,"
[definition unavailable]
",1
924,ἀήτης,"
		blast, gale
    	",1
925,Κράτης,"
[definition unavailable]
",1
926,κράς,"
		head
    	",1
927,κράτος,"
		strength, might
    	",1
928,ῥέος,"
		anything flowing, stream
    	",1
929,ῥέω,"
		flow, run, stream, gush
    	",1
930,ἀγλαός,"
		splendid, shining, bright
    	",1
931,κραίνω,"
		ṇ-y
    	",1
932,κρήνη,"
		well, spring, fountain
    	",1
933,σπεῖος,"
[definition unavailable]
",3
934,περί,"
		round about, all round
    	",9
935,αἴγειρος,"
		black poplar, Populus nigra
    	",1
936,καταπλέω,"
		to sail down
    	",1
937,ἡγεμονεύω,"
		lead the way
    	",1
938,Δῖος,"
[definition unavailable]
",3
939,δίω,"
		put to flight,
    	",3
940,διό,"
		wherefore, on which account,
    	",3
941,ὀρφναῖος,"
		dark, murky,
    	",1
942,ὑφαίνω,"
		weave,
    	",1
943,ἀήρ,"
		Aër.
    	",1
944,βάθος,"
		depth
    	",1
945,σελήνη,"
		the moon
    	",1
946,σεληνάζω,"
		to be moonstruck
    	",1
947,κατέχω,"
		hold fast
    	",1
948,ἐκεῖνος,"
		the person there, that person
    	",1
949,τῆνος,"
		he, she, it,
    	",4
950,εἰσδέρκομαι,"
		look at
    	",1
951,ὀφθαλμός,"
		eye
    	",1
952,οὖν,"
		certainly, in fact
    	",1
953,μάκρα,"
		bath-tub
    	",1
954,μάκρος,"
		length
    	",2
955,μακρός,"
		long
    	",1
956,κυλίνδω,"
		roll
    	",1
957,χέρσος,"
		dry land,
    	",3
958,κέλλω,"
		drive on
    	",1
959,καθαιρέω,"
		take down
    	",1
960,ῥηγμίν,"
		Wiener Sitzb.
    	",4
961,θαλασσεύς,"
		fisherman
    	",6
962,ἀποβρίζω,"
		go off to sleep, go sound asleep,
    	",1
963,ἠριγένεια,"
		early-born, child of morn
    	",5
964,ἠριγένειον,"
[definition unavailable]
",5
965,ἀφανέω,"
		fail to put in an appearance,
    	",5
966,ἀφανής,"
		unseen,
    	",5
967,φαίνω,"
		A ren.
    	",1
968,φανάω,"
[definition unavailable]
",1
969,φανή,"
		torch,
    	",5
970,φανός,"
		light, bright,
    	",5
971,ῥοδοδάκτυλος,"
		rosy-fingered
    	",5
972,θαυμάζω,"
		wonder, marvel
    	",1
973,δινεύω,"
		whirl, spin round,
    	",1
974,νύμφη,"
		young wife, bride,
    	",1
975,κόρη,"
		girl
    	",1
976,κουρά,"
		cropping
    	",1
977,αἰγίοχος,"
		veho
    	",1
978,ὀρεσκῷος,"
		lying on mountains, mountain-bred, wild,
    	",1
979,δειπνέω,"
		make a meal,
    	",1
980,αὐτίκα,"
		forthwith, at once, in a moment,
    	",2
981,καμπύλη,"
		crooked staff
    	",1
982,καμπύλος,"
		bent, curved
    	",1
983,τόξον,"
		bow,
    	",1
984,αἰγανέη,"
		hunting-spear, javelin
    	",1
985,δολίχαυλος,"
		with a long tube,
    	",1
986,θρίξ,"
		hair
    	",1
987,τρίχα,"
		in three parts
    	",1
988,τριχάς,"
		the song-thrush, Turdus musicus,
    	",1
989,κοσμέω,"
		order, arrange
    	",1
990,μενοεικής,"
		suited to the desires, satisfying, agreeable, to one's taste
    	",1
991,Θήρα,"
		from Thera,
    	",1
992,θήρα,"
		hunting of wild beasts, the chase
    	",1
993,θηράω,"
		hunt, chase
    	",1
994,δυώδεκα,"
		twelve
    	",2
995,δυώδεκα2,"
		twelve
    	",2
996,δυωδεκάς,"
		the number twelve
    	",2
997,ἐνεός,"
		dumb, speechless,
    	",1
998,ἐννέα,"
		nine,
    	",1
999,ἐννεάς,"
		body of nine,
    	",1
1000,ἐννεάζω,"
		spend one's youth in,
    	",1
1001,λαγχάνω,"
		obtain by lot
    	",1
1002,δέκα,"
		ten,
    	",1
1003,δεκάς,"
		company of ten,
    	",1
1004,δεκάω,"
[definition unavailable]
",1
1005,δεκάζω,"
		bribe, corrupt,
    	",1
1006,ἐξαιρέω,"
		take out,
    	",1
1007,οἴομαι,"
		forebode, presage,
    	",1
1008,πρόπας,"
		all
    	",2
1009,προπή,"
		decus,
    	",2
1010,καταδύω,"
		go down, sink, set
    	",2
1011,δαίνυμι,"
		give a banquet
    	",2
1012,ἄσπετος,"
		unspeakable, unutterable
    	",2
1013,πω,"
		up to this time, yet
    	",1
1014,πω2,"
		up to this time, yet
    	",1
1015,πῶ,"
		where?
    	",1
1016,πῶ2,"
		drink!
    	",1
1017,ἐκφθίνω,"
		had all been consumed out of
    	",1
1018,ἐρυθρός,"
		red,
    	",1
1019,νεάω,"
		plough up,
    	",1
1020,ἀμφιφορεύς,"
		large jar
    	",1
1021,πτολίεθρον,"
		citadel
    	",1
1022,λεύσσω,"
		look
    	",1
1023,ἐγγύς,"
		near, nigh, at hand
    	",2
1024,καπνός,"
		smoke
    	",1
1025,φθογγή,"
		voice
    	",1
1026,αἰγών,"
[definition unavailable]
",1
1027,κνέφας,"
		darkness
    	",2
1028,κνεφάζω,"
		cloud over, obscure
    	",2
1029,κοιμάω,"
		lull, put to sleep
    	",2
1030,τίθημι,"
		p
    	",1
1031,εἶπον,"
		said
    	",1
1032,μίμνω,"
		stay, stand fast
    	",1
1033,Ναιάς,"
		a Naiad, a river nymph
    	",1
1034,νάω,"
		flow,
    	",1
1035,νῆις,"
		unknowing of, unpractised in
    	",1
1036,πειράω,"
		attempt, endeavour, try
    	",1
1037,εἴσειμι,"
		enter, go into,
    	",1
1038,ὕβριστος,"
		wanton, insolent, outrageous,
    	",1
1039,ὑβρίζω,"
		wax wanton, run riot,
    	",1
1040,ὑβριστής,"
		violent, wanton, licentious, insolent man,
    	",1
1041,ἀγρέω,"
		take, seize
    	",2
1042,ἀγρίζω,"
		inflame, irritate
    	",1
1043,ἀγριόω,"
		makewild
    	",1
1044,δίκαιος,"
		observant of custom
    	",1
1045,δικαιόω,"
		set right,
    	",1
1046,ἤιος,"
[definition unavailable]
",3
1047,φιλόξενος,"
		loving strangers, hospitable,
    	",1
1048,νόος,"
		mind,
    	",1
1049,θεουδής,"
		fearing God
    	",1
1050,εἶπος,"
[definition unavailable]
",1
1051,κελεύω,"
		urge, drive on
    	",1
1052,ἀναβαίνω,"
		go up, mount,
    	",2
1053,λύω,"
		luo
    	",1
1054,Χῶρος,"
		the North-west wind
    	",1
1055,χῶρος,"
		north-west wind,
    	",1
1056,ἀφικνέομαι,"
		arrive at, come to, reach:
    	",3
1057,ἐσχατίζω,"
		to be last, to come too late,
    	",1
1058,ἐσχατιά,"
		farthest part, edge, border,
    	",1
1059,ἄγχι,"
		near
    	",2
1060,δάφνη,"
		sweet bay, Laurus nobilis,
    	",1
1061,κατερέφω,"
		cover over, roof
    	",1
1062,κατηρεφής,"
		covered over, vaulted, overhanging
    	",1
1063,μηλίς,"
		a distemper of asses
    	",2
1064,μηλίϲ,"
		yellow pigment
    	",2
1065,ἰαύω,"
		Graffītes Grecs du Memnonion d' Abydos
    	",1
1066,αὐλέω,"
		play on the flute,
    	",3
1067,αὐλή,"
		open court
    	",3
1068,δέμω,"
		build,
    	",1
1069,κατῶρυξ,"
		dug out, quarried
    	",1
1070,λίθος,"
		stone
    	",2
1071,λιθάω,"
[definition unavailable]
",1
1072,λιθόω,"
		to be petrified
    	",1
1073,πίτυς,"
		pine
    	",1
1074,ἰδέ,"
		and
    	",1
1075,ἰδέ2,"
		lo, behold
    	",1
1076,δρῦς,"
		a tree
    	",1
1077,ὑψίκομος,"
		with high-bound tresses,
    	",1
1078,ἐναύω,"
		kindle
    	",1
1079,ἐναύω2,"
		cry aloud in
    	",1
1080,ἐναύω3,"
[definition unavailable]
",1
1081,ἐνιαύω,"
		sleep among,
    	",1
1082,πελώριος,"
		the mighty things
    	",1
1083,ποιμαίνω,"
		herd, tend,
    	",1
1084,ἀπόπροθε,"
		from afar,
    	",1
1085,ἀπόπροθεν,"
		from
            afar, far away, aloof
    	",1
1086,πωλέομαι,"
		go up and down
    	",1
1087,πωλέω,"
		sell
    	",1
1088,ἀθεμίστιος,"
		lawless, godless
    	",2
1089,ἀθεμιστία,"
		lawlessness
    	",2
1090,ἤδη,"
		already, by this time
    	",1
1091,ἤδη2,"
[definition unavailable]
",1
1092,ἦδος,"
		delight, pleasure
    	",1
1093,θαῦμα,"
		wonder, marvel
    	",1
1094,τεύχω,"
		make ready, make
    	",1
1095,ἔοικα,"
		as,
    	",1
1096,ἀνδρίς,"
		woman,
    	",1
1097,σιτόφαγος,"
		eating corn
    	",1
1098,σιτοφάγος,"
		eating corn
    	",1
1099,ῥίον,"
		any jutting part
    	",1
1100,δυοκαίδεκα,"
		twelve
    	",1
1101,ἄριστος,"
		best
    	",1
1102,αἴγεος,"
		a goat's skin
    	",1
1103,ἀσκός,"
		skin, hide,
    	",2
1104,Μέλας,"
[definition unavailable]
",2
1105,μέλας,"
		black, dark
    	",1
1106,μελανός,"
		black pigment,
    	",2
1107,οἰνόω,"
		intoxicate,
    	",2
1108,Μάρων,"
[definition unavailable]
",1
1109,μάρη,"
		hand
    	",1
1110,μᾶρον,"
		sage, Teucrium Marum
    	",1
1111,Εὐάνθης,"
[definition unavailable]
",1
1112,εὐανθής,"
		blooming, downy
    	",1
1113,υἱός,"
		huihus
    	",2
1114,ἱερεύς,"
		priest, sacrificer, diviner
    	",1
1115,ἱερόω,"
		consecrate, dedicate
    	",1
1116,Ἀπόλλων,"
		Apollo
    	",2
1117,ἀμφιβαίνω,"
		go about
    	",1
1118,οὕνεκα,"
		on account of which, wherefore
    	",1
1119,παίδιον,"
		little
    	",1
1120,παιδία,"
		childhood
    	",1
1121,παιδίον,"
		a little
    	",1
1122,παιδιή,"
		childish play, sport, game, pastime
    	",1
1123,περιέχω,"
		encompass, embrace, surround
    	",1
1124,γυνή,"
		woman,
    	",1
1125,ἅζομαι,"
		stand in awe of, esp. gods and one's parents
    	",1
1126,οἰκέω,"
		inhabit,
    	",1
1127,ἄλσις,"
		growth,
    	",1
1128,ἄλσος,"
		grove,
    	",1
1129,δενδρήεις,"
		wooded,
    	",1
1130,Φοῖβος,"
		bright one
    	",1
1131,φοῖβος,"
		pure, bright, radiant,
    	",1
1132,φοιβάω,"
		cleanse, purify,
    	",1
1133,πόρω,"
		furnish, offer, give,
    	",1
1134,δῶρον,"
		gift, present, gift of honour
    	",1
1135,Χρύσης,"
		Chryses
    	",1
1136,χρύσεος,"
		golden,
    	",1
1137,χρυσός,"
		gold,
    	",1
1138,χρυσόω,"
		make golden, gild,
    	",1
1139,εὐεργής,"
		well-wrought, well-made
    	",1
1140,ἑπτά,"
		seven,
    	",1
1141,ἑπτάς,"
		period of seven days,
    	",1
1142,πέτομαι,"
		fly
    	",1
1143,τάλαντον,"
		balance
    	",1
1144,ταλαντάω,"
[definition unavailable]
",1
1145,πανάργυρος,"
		all-silver
    	",1
1146,ἀκηράσιος,"
		untouched
    	",1
1147,θεῖος,"
		one's father's
    	",1
1148,πρόσειμι,"
		sum
    	",1
1149,δμώιος,"
		in servile condition
    	",1
1150,δμώς,"
		slave taken in war,
    	",1
1151,δμῶος,"
[definition unavailable]
",1
1152,δμωή,"
		a female slave taken in war
    	",1
1153,ἀμφίπολος,"
		busied about, busy,
    	",1
1154,ἀμφιπολέω,"
		attend constantly,
    	",1
1155,αὐτόσε,"
		thither, to the very place,
    	",4
1156,τάμιας,"
		one who carves and distributes, dispenser, steward
    	",1
1157,ταμία,"
		housekeeper, housewife
    	",1
1158,ταμία2,"
[definition unavailable]
",1
1159,ταμίας,"
		one who carves and distributes, a dispenser
    	",1
1160,πινάω,"
		to be dirty
    	",2
1161,δεπάζω,"
[definition unavailable]
",1
1162,ἐμπίπλημι,"
		to fill quite full
    	",1
1163,ἐμπλέω,"
		sail in
    	",1
1164,εἴκοσι,"
		twenty
    	",1
1165,εἰκός,"
		like truth
    	",1
1166,εἰκών,"
		likeness, image
    	",1
1167,μέτρον,"
		that by which anything is measured
    	",1
1168,χεύω,"
[definition unavailable]
",1
1169,χόω,"
		throw
    	",1
1170,ὀδμάομαι,"
[definition unavailable]
",1
1171,ὀσμή,"
		smell, odour,
    	",1
1172,ὄζω,"
		smell,
    	",1
1173,ἀπέχω,"
		keep off or away from,
    	",1
1174,ἤια,"
		provisions for a journey
    	",1
1175,ᾖα,"
[definition unavailable]
",1
1176,Κώρυκος,"
		spying out
    	",1
1177,κώρυκος,"
		leathern sack
    	",1
1178,Ἀγήνωρ,"
[definition unavailable]
",1
1179,ἀγήνωρ,"
		manly, heroic,
    	",1
1180,ἐπέρχομαι,"
		come upon
    	",1
1181,ἄλκη2,"
		elk
    	",2
1182,ἀλκή,"
		strength
    	",2
1183,Ἄγριος,"
[definition unavailable]
",2
1184,δίκη,"
		custom, usage,
    	",1
1185,δικάζω,"
		Bis Acc.
    	",1
1186,εὔας,"
		ovatio
    	",1
1187,εὖ,"
		well
    	",1
1188,εὐάς,"
		one who cries
    	",1
1189,εὐάζω,"
		cry
    	",1
1190,θεμιστός,"
		oracular
    	",1
1191,καρπάλιμος,"
		swift
    	",3
1192,ἄντρον,"
		cave,
    	",3
1193,ἔνδον,"
		within
    	",2
1194,ἐνδίδωμι,"
		give in
    	",2
1195,εὑρίσκω,"
		find
    	",1
1196,νομεύω,"
		put to graze, drive afield,
    	",1
1197,νόμος,"
		that which is in habitual practice, use
    	",1
1198,νομός,"
		herbage
    	",1
1199,θεάομαι,"
		gaze at, behold
    	",1
1200,ταρσόομαι,"
		to be like basket-work, to be matted
    	",1
1201,ταρσός,"
		frame of wicker-work, crate, flat basket
    	",1
1202,ταρσόω,"
		provide with a
    	",1
1203,τυρέω,"
[definition unavailable]
",3
1204,τυρός,"
		cheese,
    	",3
1205,βρίθω,"
		to be heavy
    	",1
1206,στείνω,"
		make strait, straiten, confine, crowd
    	",1
1207,σηκός,"
		pen, fold
    	",1
1208,σηκόω,"
		weigh, balance,
    	",1
1209,ἀρνός,"
		wool
    	",1
1210,ἔριφος,"
		kid,
    	",1
1211,διακρίνω,"
		separate one from another,
    	",1
1212,ἔργνυμι,"
		to confine
    	",1
1213,χωρίς,"
		separately, apart,
    	",3
1214,πρόγονος,"
		early-born,
    	",1
1215,μέτασσα,"
		thereafter,
    	",1
1216,αὖθι,"
		on the spot, here, there,
    	",1
1217,αὖτε,"
		again,
    	",6
1218,ἕρση,"
		dew,
    	",1
1219,ἔρσα,"
		dew
    	",1
1220,ὄρον,"
		implement for pressing grapes,
    	",1
1221,ἄγγος,"
		vessel
    	",1
1222,γαῦλος,"
		a round-built Phoenician merchant vessel
    	",1
1223,γαυλός,"
		milk-pail
    	",1
1224,σκαφίς,"
		boat, skiff
    	",1
1225,ἐναμέλγω,"
		milk into
    	",1
1226,πρώτιστος,"
		the very first
    	",1
1227,λίσσομαι,"
		beg, pray
    	",1
1228,λίζω,"
[definition unavailable]
",1
1229,αἴνυμαι,"
		take
    	",1
1230,σηκάζω,"
		shut up in a pen
    	",1
1231,ἐξελαύνω,"
		drive out,
    	",1
1232,ἐπιπλέω,"
		sail upon
    	",2
1233,ἁλμυρός,"
		salt, briny,
    	",2
1234,κερδαίνω,"
		gain, derive profit
    	",1
1235,κερδίων,"
		more profitable
    	",1
1236,ἰδέω,"
[definition unavailable]
",1
1237,ξένιος,"
		belonging to friendship and hospitality, hospitable,
    	",2
1238,ξενία,"
		hospitality shown to a guest, entertainment,
    	",2
1239,δοιάζω,"
		consider in two ways, be in two minds:
    	",1
1240,δοιή,"
		doubt, perplexity,
    	",1
1241,μέλλω,"
		to be destined
    	",1
1242,ἐρατεινός,"
		lovely,
    	",1
1243,εἰσίημι,"
		sendinto,
    	",1
1244,πῦρ,"
		fire
    	",1
1245,πυρά,"
		watch-fires
    	",3
1246,πυρά2,"
		funeral-pyre
    	",3
1247,πυράζω,"
		singe
    	",3
1248,πυρεύς,"
		one who lights fire
    	",3
1249,πυρή,"
		any place where fire is kindled
    	",3
1250,θύω,"
		offer by burning
    	",1
1251,θύω2,"
		rage, seethe
    	",1
1252,ἕως,"
		until, till
    	",2
1253,νέμος,"
		wooded pasture, glade,
    	",1
1254,νέμω,"
		deal out, dispense,
    	",1
1255,ὄβριμος,"
		strong, mighty,
    	",3
1256,ἄχθος,"
		burden, load,
    	",1
1257,Ὑλεύς,"
		Ringwood,
    	",1
1258,ἀζαλέος,"
		dry, parched
    	",1
1259,ποτιδόρπιος,"
		of
    	",2
1260,ἔντοσθε,"
		from within,
    	",1
1261,βηλός,"
		threshold
    	",1
1262,ὀρυμαγδός,"
		loud noise, din,
    	",1
1263,ἀπέσσουα,"
		he is gone off
    	",2
1264,μυχός,"
		innermost part, nook, corner
    	",1
1265,εὐρύς,"
		wide, broad
    	",1
1266,ἐλαύνω,"
		drive, set in motion
    	",1
1267,μαλίς,"
[definition unavailable]
",2
1268,ἀμέλγω,"
		milk,
    	",2
1269,ἄρσην,"
		NT,
    	",1
1270,λείπω,"
		leave, quit
    	",1
1271,θύρα,"
		door
    	",1
1272,ἄρνειος,"
		of a lamb
    	",1
1273,ἀρνειός,"
		ram, wether
    	",1
1274,τράγος,"
		he-goat,
    	",1
1275,ἔκτοθεν,"
		from without, outside
    	",2
1276,ἐπιτίθημι,"
		lay, put
    	",1
1277,θυρεός,"
		stone put against a door
    	",3
1278,ὕψος,"
		height,
    	",2
1279,ὑψόσε,"
		aloft, on high,
    	",2
1280,ἀείρω,"
		attach
    	",4
1281,εἰκοσάς,"
		score
    	",1
1282,ἄμαξα,"
		frame-work, 'châssis'
    	",1
1283,ἐσθλός,"
		good
    	",1
1284,τετράκυκλος,"
		four-wheeled
    	",1
1285,ὀχλίζω,"
		move by a lever, heave up
    	",1
1286,τόσος,"
		so great, so vast
    	",1
1287,ἠλίβατος,"
		high, steep
    	",1
1288,πέτρα,"
		rock
    	",2
1289,μοῖρα,"
		part
    	",1
1290,μοιράω,"
		share, divide, distribute
    	",1
1291,μοιράζω,"
[definition unavailable]
",1
1292,ἔμβρυον,"
		young one
    	",3
1293,ἔμβρυος,"
		growing in
    	",3
1294,ἥκω,"
		to have come, be present
    	",1
1295,ἥμισυς,"
		half
    	",2
1296,τρέφω,"
		thicken
    	",1
1297,λευκόω,"
		whiten over
    	",1
1298,γάλα,"
		lac
    	",1
1299,πλεκτός,"
		plaited, twisted,
    	",1
1300,τάλαρος,"
		basket
    	",1
1301,κατατίθημι,"
		place, put, lay down
    	",1
1302,σπεύδω,"
		set going, urge on, hasten
    	",3
1303,πονέομαι,"
		be engaged in
            toil, toil, labor, be busy
    	",3
1304,πονέω,"
		work hard,
    	",3
1305,ἔα,"
		ha! oho
    	",3
1306,ἔα2,"
[definition unavailable]
",3
1307,ἔργον,"
		weorc
    	",1
1308,ἐργάζομαι,"
		work, labour,
    	",1
1309,ἀνακαίω,"
		kindle, light up,
    	",2
1310,ᾤα,"
		sheepskin,
    	",1
1311,ὦ,"
		O! oh!
    	",1
1312,ὦ2,"
[definition unavailable]
",1
1313,ᾦον2,"
[definition unavailable]
",1
1314,ᾠόν,"
		egg,
    	",1
1315,ξενόω,"
		make one's friend and guest, entertain,
    	",1
1316,πόθεν,"
		whence?
    	",1
1317,ποθεν,"
		from some place
    	",1
1318,ὑγράζω,"
		to be wet
    	",1
1319,ὑγρός,"
		wet, moist, fluid
    	",1
1320,κέλευθος,"
		road, path
    	",2
1321,πρᾶξις,"
		doing, transaction, business,
    	",1
1322,μαψίδιος,"
		vain, false
    	",1
1323,ἀλάλημαι,"
		wander, roam about
    	",1
1324,ἀλαλάω,"
		make dumb
    	",1
1325,ἀλαλάζω,"
		raise the war-cry
    	",1
1326,ληιστήρ,"
		a robber
    	",1
1327,λῃστήρ,"
		robber
    	",1
1328,ὑπέρ,"
		upaári
    	",1
1329,ὑπείρ,"
[definition unavailable]
",1
1330,ἀλάομαι,"
		wander, roam
    	",1
1331,ἀλόω,"
[definition unavailable]
",1
1332,ἀλοάω,"
		tread, thresh,
    	",1
1333,ψυχάζω,"
		refresh oneself in the shade,
    	",2
1334,ψυχή,"
		life,
    	",2
1335,παρατίθημι,"
		place beside
    	",1
1336,κατακλάω,"
		to break down, break short, snap off
    	",1
1337,κατακλάω2,"
		break short, snap off
    	",1
1338,φθόγγος,"
		any clear, distinct sound,
    	",1
1339,βαρύς,"
		heavy in weight,
    	",1
1340,πέλωρον,"
		portents
    	",1
1341,πέλωρος,"
		monstrous, prodigious, huge
    	",1
1342,ἀμείβω,"
		change, exchange,
    	",1
1343,προσεῖπον,"
		speak to
    	",2
1344,ἀποπλάζω,"
		lead away from,
    	",1
1345,παντοῖος,"
		of all sorts
    	",1
1346,ὒ,"
[definition unavailable]
",1
1347,λαῖτμα,"
		depth
    	",2
1348,οἴκαδε,"
		to one's house, home,
    	",1
1349,ὀδούς,"
		tooth,
    	",1
1350,ὀδών,"
[definition unavailable]
",1
1351,οὕτως,"
		in this way
    	",2
1352,πού,"
		anywhere, somewhere
    	",1
1353,πού2,"
		somewhere, anywhere; methinks, doubtless, perhaps.
    	",1
1354,ποῦ,"
		where?
    	",1
1355,μητίομαι,"
		devise, contrive
    	",1
1356,λάω,"
		to behold, look upon
    	",1
1357,λάω2,"
		seize, hold
    	",1
1358,λάζω,"
[definition unavailable]
",1
1359,Ἀτρείδης,"
		son of Atreus,
    	",1
1360,Ἀγαμέμνων,"
		Agamemnon,
    	",1
1361,εὔχομαι,"
		pray
    	",1
1362,ὑπουράνιος,"
		under heaven, under the sky,
    	",1
1363,διαπέρθω,"
		destroy utterly, sack, waste,
    	",1
1364,ἀπόλλυμι,"
		destroy utterly, kill,
    	",1
1365,κιχάνω,"
		reach, hit
    	",1
1366,σής,"
		moth
    	",1
1367,σῶς,"
[definition unavailable]
",1
1368,γόνυ,"
		knee
    	",1
1369,πόρος,"
		means of passing a river, ford, ferry,
    	",1
1370,πορόω,"
		furnish with pores,
    	",1
1371,ξεινήιον,"
		a host's gift
    	",2
1372,ἄλλως,"
		otherwise,
    	",1
1373,δωτίνη,"
		gift, present
    	",1
1374,φέριστος,"
[definition unavailable]
",1
1375,ἱκέτης,"
		one who comes to seek aid
    	",1
1376,ἐπιτιμήτωρ,"
		avenger,
    	",1
1377,Ἱκετάων,"
[definition unavailable]
",1
1378,αἰδοῖον,"
		privy parts, pudenda
    	",1
1379,αἰδοῖος,"
		having a claim to regard, reverence
    	",1
1380,ὀπαδέω,"
		to follow, accompany, attend
    	",1
1381,ὀπηδέω,"
		follow, accompany, attend,
    	",1
1382,Νηλεύς,"
		Neleus,
    	",3
1383,θυμόω,"
		make angry, provoke
    	",5
1384,ξέω,"
		—shave
    	",1
1385,τηλόθεν,"
		from after
    	",1
1386,ἀλέω,"
		grind, bruise
    	",2
1387,ἀλέω2,"
[definition unavailable]
",2
1388,ἀλεάζω,"
		to be warm
    	",2
1389,ἀλεάζω2,"
[definition unavailable]
",2
1390,Μάκαρ,"
[definition unavailable]
",2
1391,μάκαρ,"
		blessed, happy
    	",2
1392,μάκαρος,"
[definition unavailable]
",2
1393,φέρτατος,"
		bravest, best,
    	",1
1394,ἔχθος,"
		hate
    	",1
1395,ἐχθός,"
		outside
    	",1
1396,ἀλέομαι,"
		avoid, shun
    	",1
1397,φείδομαι,"
		spare
    	",1
1398,ὅπη,"
		by which
    	",1
1399,ὀπή,"
		opening, hole,
    	",1
1400,Ἴων,"
		the Ionians
    	",1
1401,Ἰώ,"
		the moon
    	",1
1402,ἴα,"
		one
    	",1
1403,ἴα2,"
		violet,
    	",1
1404,ἴον,"
		violet, Viola odorata
    	",1
1405,ἰά,"
		voice, cry
    	",1
1406,ἰά2,"
		arrow
    	",1
1407,ἰάζω,"
[definition unavailable]
",1
1408,ἰάζω2,"
		cry aloud
    	",1
1409,ἰάζω3,"
		to be of a violet colour
    	",1
1410,ἰός,"
		poison
    	",1
1411,ἰωνίς,"
		a water bird
    	",1
1412,ἰωνός,"
		fish
    	",1
1413,κερατέα,"
		the carob
    	",1
1414,δάω,"
		learn
    	",1
1415,πειράζω,"
		make proof
    	",1
1416,ἄψορρος,"
		going back, backwards,
    	",2
1417,δόλιος,"
		crafty, deceitful, treacherous,
    	",1
1418,δολίζω,"
		adulterate,
    	",1
1419,δολιόω,"
		deal treacherously with
    	",1
1420,νέα,"
[definition unavailable]
",1
1421,νέος,"
		young, youthful
    	",2
1422,νεάζω,"
		to be young
    	",1
1423,κατάγνυμι,"
		Cat.Cod. Astr.
    	",1
1424,κατεάσσω,"
		break
    	",1
1425,Ποσειδῶν,"
		Poseidon
    	",2
1426,Ἐνοσίχθων,"
		Earth-shaker,
    	",2
1427,ὑμός,"
		your,
    	",1
1428,πείρασις,"
		attempt
    	",1
1429,πείρω,"
		pierce, run through
    	",1
1430,πεῖραρ,"
		end, limit
    	",1
1431,ἄκρα,"
		highest
    	",1
1432,ἄκρις,"
		mountain
            - top
    	",1
1433,ἄκρος,"
		at the farthest point
    	",1
1434,ἐκρέω,"
		flow out
    	",1
1435,προσπελάζω,"
		cause to approach, bring near to
    	",1
1436,ποντίζω,"
		plunge
    	",1
1437,ποντόω,"
		throw into the sea,
    	",1
1438,ὑπεκφεύγω,"
		flee away
    	",1
1439,αἰπύς,"
		high and steep
    	",2
1440,ἀνᾴσσω,"
[definition unavailable]
",1
1441,ἀναίσσω,"
		dart up, spring up;
    	",1
1442,χειράς,"
		chap, crack,
    	",2
1443,ἰάλλω,"
		send forth
    	",1
1444,μάρπτω,"
		take hold of
    	",3
1445,σκύλαξ,"
		young dog, puppy
    	",1
1446,σκυλάκη,"
[definition unavailable]
",1
1447,σκυλακεύς,"
[definition unavailable]
",1
1448,πότης,"
		drinker, tippler, toper,
    	",1
1449,πότις,"
[definition unavailable]
",1
1450,κόπτω,"
		cut, strike
    	",1
1451,κοπτή,"
[definition unavailable]
",1
1452,κοπτόν,"
[definition unavailable]
",1
1453,κοπτός,"
		chopped small
    	",1
1454,ἐγκέφαλος,"
		that which is within the head, the brain
    	",1
1455,χαμάδις,"
		to the ground, on the ground,
    	",1
1456,δεύω,"
		wet, drench,
    	",1
1457,μελειστί,"
		limb from limb
    	",1
1458,τέμνω,"
		cut
    	",1
1459,τέμνω2,"
		ā-cāmati
    	",1
1460,ὁπλίζω,"
		make
    	",3
1461,δόρπον,"
		evening meal,
    	",2
1462,δόρπος,"
[definition unavailable]
",2
1463,λέων,"
		lion
    	",1
1464,λεάζω,"
		to be smooth
    	",1
1465,ὀρεσίτροφος,"
		mountain-bred.
    	",1
1466,ὀρεσιτρόφος,"
		mountain-bred
    	",1
1467,ἀπολιμπάνω,"
		to leave
    	",1
1468,ἔγκατα,"
		inwards, entrails
    	",1
1469,σάρξ,"
		flesh
    	",1
1470,σαρκάω,"
[definition unavailable]
",1
1471,σαρκάζω,"
		tear fiesh like dogs
    	",1
1472,ὀστέον,"
		d)Fr.
    	",1
1473,μυελόεις,"
		full of marrow
    	",1
1474,σχέτλιος,"
		able to hold out, unwearying, unflinching
    	",1
1475,σχετλιάζω,"
		complain of hardship, utter indignant complaints
    	",1
1476,ἀμηχανία,"
		want of means
    	",1
1477,νηδύς,"
		any of the cavities
    	",1
1478,ἀνδρόμεος,"
		human,
    	",1
1479,ἄκρατος,"
		unmixed, neat
    	",1
1480,γαλέη,"
		weasel
    	",1
1481,πίνη,"
		pinna
    	",2
1482,πίνος,"
		dirt, filth
    	",2
1483,πῖνον,"
		liquor made from barley, beer
    	",2
1484,μηλών,"
		orchard
    	",5
1485,βουλεύω,"
		take counsel, deliberate
    	",1
1486,μεγαλήτωρ,"
		greathearted
    	",2
1487,ἆσσον,"
		nearer,
    	",2
1488,ξίφος,"
		sword,
    	",1
1489,ὀξύς,"
		sharp, keen,
    	",1
1490,μηρός,"
		thigh
    	",1
1491,ἧπαρ,"
		liver
    	",1
1492,ἐπιμαίομαι,"
		strive after, seek to obtain, aim at
    	",1
1493,ἕτερος,"
		D Mort.
    	",1
1494,προστίθημι,"
		put to
    	",1
1495,στενάχω,"
		groan, sigh, wail
    	",1
1496,κλυτός,"
		renowned, glorious
    	",1
1497,ῥᾴδιος,"
		easy, ready
    	",1
1498,ἀφαιρέω,"
		take away from
    	",1
1499,ἀφελής,"
		without a stone, even, smooth,
    	",1
1500,ἄψ,"
		abs) backwards, back again,
    	",1
1501,φαρέτρα,"
		quiver
    	",1
1502,πῶμα,"
		lid, cover
    	",1
1503,πῶμα2,"
		drink, draught
    	",1
1504,πωμάζω,"
		furnish with a lid
    	",1
1505,ῥοῖζος,"
		whistling
    	",1
1506,ῥοιζέω,"
		whistle
    	",1
1507,ῥοιζόω,"
[definition unavailable]
",1
1508,τρέπω,"
		Studien zum griech. Perf.
    	",1
1509,βυσσοδομεύω,"
		build in the deep
    	",1
1510,τίζω,"
		to be always asking 'what?
    	",1
1511,εὖχος,"
		thing prayed for, object of prayer
    	",1
1512,Ἀθῆναι,"
		the city of Athens
    	",1
1513,ἀριστάω,"
		take the
    	",1
1514,ἀριστεύς,"
		those who excel in valour,
    	",2
1515,βουλεύς,"
[definition unavailable]
",2
1516,βουλή,"
		will, determination
    	",2
1517,ῥόπαλον,"
		club, cudgel
    	",1
1518,χλωρός,"
		greenish-yellow, pale green,
    	",1
1519,ἐλαίνεος,"
[definition unavailable]
",1
1520,ἐκτέμνω,"
		cut out,
    	",1
1521,αὐαίνω,"
		dry,
    	",1
1522,ἐίσκω,"
		to make like
    	",1
1523,εἰσοράω,"
		look into, look upon, behold,
    	",1
1524,εἰκόσορος,"
		with twenty oars
    	",1
1525,μέλαινα,"
[definition unavailable]
",1
1526,φορτίς,"
		of burden, merchantman,
    	",1
1527,ἐκπεράω,"
		go out over, pass beyond,
    	",1
1528,μῆκος,"
		length
    	",1
1529,πάχος,"
		thickness
    	",1
1530,ὄργυια,"
		the length of the outstretched arms,
    	",1
1531,ἀποκόπτω,"
		cut off, hew off,
    	",1
1532,παράστασις,"
		putting aside, removal
    	",1
1533,παραστάς,"
		anything that stands beside
    	",1
1534,παραστάζω,"
		drop upon
    	",1
1535,ἀποξύνω,"
		bring to a point, make taper,
    	",1
1536,ὁμαλός,"
		even, level,
    	",1
1537,ποιέω,"
		make
    	",1
1538,θοόω,"
		make sharp
    	",1
1539,Ἄκρων,"
[definition unavailable]
",2
1540,ἄκρον,"
		highest
    	",1
1541,ἄκρων,"
[definition unavailable]
",2
1542,ἄφαρ,"
		straightway, forthwith,
    	",1
1543,λαβή,"
		the part intended for grasping, a handle, haft
    	",1
1544,πυρακτέω,"
		turn in the fire
    	",1
1545,Πύρις,"
[definition unavailable]
",3
1546,κήλας,"
		adjutant, Leptoptilus argala
    	",1
1547,κήλεος,"
		burning
    	",1
1548,κηλέω,"
		charm, bewitch, beguile
    	",1
1549,κατακρύπτω,"
		hide, conceal
    	",1
1550,κόπρον,"
[definition unavailable]
",1
1551,κόπρος,"
		excrement, ordure
    	",1
1552,ἤλιθα,"
		very much, exceedingly
    	",1
1553,κλῆρος,"
		a beetle destructive in bee-hives, Clerus apiarius
    	",1
1554,παλάσσω,"
		besprinkle, defile
    	",1
1555,ἀνοίγνυμι,"
		open,
    	",1
1556,τολμάω,"
		Bodl. Quarterly Record
    	",1
1557,μοχλός,"
		bar, lever, crowbar
    	",1
1558,τρίβω,"
		rub,
    	",1
1559,ὕπνος,"
		sleep, slumber,
    	",2
1560,ἱκάνω,"
		come
    	",1
1561,ἱκανός,"
		sufficing, becoming, befitting
    	",1
1562,ἱκανόω,"
		make sufficient, qualify
    	",1
1563,ἔλαχος,"
[definition unavailable]
",1
1564,τέσσαρες,"
		four
    	",1
1565,πέμπτος,"
		fifth : with four others
    	",1
1566,πεμπτός,"
		sent
    	",1
1567,λέγω,"
		lay
    	",1
1568,Ἑσπέριος,"
		towards evening,
    	",2
1569,ἑσπέριος,"
		at even, at eventide
    	",2
1570,καλλίθριξ,"
		with beautiful manes
    	",2
1571,καλλίτριχον,"
[definition unavailable]
",2
1572,καλλίτριχος,"
		producing luxuriant hair
    	",2
1573,προσαυδάω,"
		speak to, address, accost
    	",4
1574,κισσύβιον,"
		rustic drinking-cup
    	",1
1575,τῆ,"
		there!
    	",1
1576,τῇ,"
		here, there
    	",1
1577,πῖος,"
		unctuous
    	",1
1578,κεύθω,"
		custos
    	",1
1579,αὗ,"
		bow wow,
    	",1
1580,αὖ,"
		again, anew, afresh, once more,
    	",1
1581,αὖ2,"
		bow wow
    	",1
1582,λοιβή,"
		pouring.
    	",1
1583,ἐλεάω,"
[definition unavailable]
",1
1584,ἐλεέω,"
		to have pity on, show mercy to
    	",1
1585,πέμπω,"
		send
    	",1
1586,μαίνομαι,"
		rage, be furious
    	",1
1587,ἀνεκτός,"
		bearable, sufferable, tolcrable,
    	",1
1588,ὕστερον,"
		the afterbirth,
    	",1
1589,ὕστερος,"
		latter, last,
    	",2
1590,ἄλλοτε,"
		at another time
    	",4
1591,ἐρέσσω,"
		row,
    	",1
1592,ῥέζω,"
		y
    	",1
1593,ῥέζω2,"
		dye
    	",1
1594,δέχομαι,"
		take, accept, receive,
    	",1
1595,ἐκπίνω,"
		drink out
    	",2
1596,αἶνος,"
		tale, story
    	",2
1597,αἰνέω,"
		tell, speak of
    	",2
1598,αἰνός,"
		dread, horrible
    	",2
1599,αἰτέω,"
		ask, beg
    	",1
1600,δεύτερος,"
		second,
    	",1
1601,αὖθις,"
		back, back again,
    	",3
1602,πρόφρων,"
		with forward mind
    	",1
1603,προφράζω,"
		tell
    	",1
1604,τέος,"
		thing
    	",1
1605,τεός,"
		your
    	",1
1606,χαίρω,"
		rejoice, be glad,
    	",1
1607,ζείδωρος,"
		zea-giving
    	",1
1608,ἄρουρα,"
		a ro u ra i
    	",1
1609,ἀμβρόσιος,"
		immortal, divine,
    	",1
1610,ἀμβροσία,"
		immortality,
    	",1
1611,ἀμβροσίη,"
		ambrosia
    	",1
1612,νέκταρ,"
		nectar,
    	",1
1613,ἀπορρώξ,"
		broken off, abrupt, sheer, precipitous,
    	",1
1614,φάτης,"
		talker, liar,
    	",1
1615,φάτις,"
		voice from heaven
    	",1
1616,φατός,"
		slain, dead,
    	",1
1617,αἶθοψ,"
		fiery-looking
    	",1
1618,ἀφραδία,"
		folly, thoughtlessness,
    	",1
1619,μειλίχιος,"
		gentle, soothing
    	",1
1620,ἐρωτάω,"
		ask,
    	",1
1621,ἐξεράω,"
		evacuate,
    	",1
1622,ἐξερέω,"
		will speak
    	",1
1623,ἐξερέω2,"
		inquire into
    	",1
1624,ὑφίστημι,"
		place
    	",1
1625,Οὖτις,"
		Nobody, Noman
    	",1
1626,κικλήσκω,"
		call, summon
    	",1
1627,μήτηρ,"
		mother
    	",1
1628,πατήρ,"
		pitṛ[snull ]u
    	",1
1629,πύματος,"
		hindmost, last
    	",1
1630,πρόσθεν,"
		before
    	",1
1631,ἀνακλίνω,"
		lean
    	",1
1632,πίπτω,"
		Exc. ex libris Herodiani
    	",1
1633,ὕπτιος,"
		laid on one's back,
    	",1
1634,ἀποδοχμόω,"
		bend sideways,
    	",1
1635,παχύς,"
		thick, stout
    	",1
1636,πῆχυς,"
		forearm
    	",1
1637,αὐχήν,"
		neck, throat,
    	",1
1638,κάδος,"
		jar
    	",4
1639,πανδαμάτωρ,"
		the all-subduer, all-tamer
    	",1
1640,φάρυγξ,"
		throat,
    	",1
1641,ἐκσεύομαι,"
		rush out
    	",2
1642,ψωμός,"
		morsel, bit,
    	",1
1643,ἐρεύγομαι,"
		belch out, disgorge,
    	",1
1644,ἐρεύγομαι2,"
		bellow, roar,
    	",1
1645,οἰνοβαρείων,"
		to be heavy
    	",1
1646,σποδέω,"
		pound, smite, crush
    	",1
1647,σποδόομαι,"
		to be burnt to ashes
    	",1
1648,σποδός,"
		wood-ashes, embers
    	",1
1649,θερμαίνω,"
		warm, heat
    	",1
1650,θάρσυνος,"
		relying on
    	",1
1651,θαρσύνω,"
		encourage, embolden
    	",1
1652,ὑποδείδω,"
		shrink in fear under, cower before,
    	",1
1653,ἀναδύνω,"
		come to the top of the water,
    	",1
1654,τάχα,"
		quickly, presently, forthwith
    	",1
1655,ταχύς,"
		swift, fleet
    	",1
1656,τήκω,"
		melt, melt down
    	",1
1657,ἐλάινος,"
		of olive-wood
    	",1
1658,ἅπτω,"
		fasten
    	",1
1659,διαφαίνω,"
		show through, let
    	",1
1660,ἱστάω,"
[definition unavailable]
",1
1661,θάρσος,"
		courage
    	",1
1662,ἐμπνέω,"
		blow
    	",1
1663,δαίμων,"
		god, goddess,
    	",1
1664,ἐνερείδω,"
		thrust in,
    	",1
1665,ἐφύπερθε,"
		above, atop
    	",1
1666,ἐρείδω,"
		cause to lean, prop,
    	",1
1667,τρυπάω,"
		bore, pierce through,
    	",1
1668,δόρυ,"
		stem, tree,
    	",1
1669,τρύπανον,"
		borer, auger,
    	",1
1670,ἔνερθε,"
		from beneath, up from below,
    	",1
1671,ὑποσείω,"
		rotate, spin round,
    	",1
1672,ἱμάς,"
		leathern strap
    	",1
1673,ἑκάτερθε,"
		on each side, on either hand,
    	",1
1674,τρέχω,"
		run,
    	",1
1675,ἐμμένω,"
		abide in
    	",1
1676,ἐμμενής,"
		abiding in
    	",1
1677,πυριηκής,"
		with fiery point
    	",1
1678,αἷμα,"
		blood
    	",1
1679,αἱμάς,"
		gush, stream of blood
    	",1
1680,περιρρέω,"
		flow round
    	",1
1681,θέρμος,"
		lupine, Lupinus albus
    	",1
1682,θέρμω,"
		heat, make hot
    	",1
1683,θερμός,"
		hot
    	",1
1684,βλέφαρον,"
		eyelids
    	",1
1685,βλεφαρίς,"
		eyelash
    	",1
1686,ὀφρύη,"
[definition unavailable]
",1
1687,ὀφρύς,"
		the brow, eyebrow
    	",1
1688,ὀφρυάω,"
		to have ridges
    	",1
1689,ὀφρυάζω,"
		signify
    	",1
1690,εὕω,"
		singe
    	",1
1691,ἀυτμή,"
		breath
    	",1
1692,γλήνη,"
		eyeball
    	",1
1693,σφαραγέομαι,"
		burst with a noise, crackle, sputter
    	",2
1694,ῥίζα,"
		root
    	",1
1695,χάλκεος,"
		of copper
    	",1
1696,χαλκεύς,"
		coppersmith,
    	",1
1697,χαλκόω,"
		turn to bronze,
    	",1
1698,χαλκοῦς,"
		copper coin
    	",1
1699,πέλεκυς,"
		axe
    	",1
1700,σκέπαρνον,"
		carpenter's axe, adze
    	",1
1701,ὑδατίς,"
		watery vesicle, hydatid,
    	",1
1702,ψυχρός,"
		cold,
    	",1
1703,βάπτης,"
		dipper, bather
    	",1
1704,βάπτω,"
		dip,
    	",1
1705,βαπτός,"
		dipped, dyed,
    	",1
1706,ἰάχω,"
		cry, shout
    	",1
1707,φαρμάσσω,"
		treat by using
    	",1
1708,σίδηρον,"
[definition unavailable]
",1
1709,σίδηρος,"
		iron
    	",1
1710,σιδήρεος,"
		made of iron
    	",1
1711,σιδηρόω,"
		overlay with iron
    	",1
1712,σίζω,"
		hiss
    	",1
1713,σμερδαλέος,"
		terrible to look on, fearful
    	",1
1714,οἰμώσσω,"
[definition unavailable]
",1
1715,οἰμώζω,"
		wail aloud, lament,
    	",1
1716,ἐξερύω,"
		draw out of,
    	",1
1717,ἐκρύομαι,"
		deliver,
    	",1
1718,φύρω,"
		mix
    	",1
1719,αἱματίς,"
		blood-redcloak
    	",1
1720,ῥίπτω,"
		throw, cast, hurl
    	",1
1721,ἄλυς,"
		agitation,
    	",1
1722,ἀλύω,"
		to be deeply stirred, excited:
    	",1
1723,ἠπύω,"
		call to
    	",1
1724,ἀμφίς,"
		on both sides,
    	",1
1725,ἀκρία,"
		goddess of the citadel
    	",1
1726,ἠνεμόεις,"
		windy, airy
    	",1
1727,βόα,"
		fish
    	",1
1728,βόειος,"
		of an ox
    	",1
1729,βοάω,"
		cry aloud, shout
    	",1
1730,βοείη,"
		an ox-hide, ox-hide shield
    	",1
1731,βοεύς,"
		rope of ox-hide
    	",1
1732,βοή,"
		loud cry, shout
    	",1
1733,φοιτάω,"
		go to and fro, backwards and forwards,
    	",1
1734,ἄλλοθεν,"
		from another place
    	",2
1735,ἕε,"
		him
    	",1
1736,τίπτε,"
		why pray?
    	",1
1737,Πολύφημος,"
		Polyphēmus.
    	",2
1738,πολύφημος,"
		abounding in songs and legends,
    	",2
1739,ἀράω2,"
		to damage
    	",1
1740,ἀρέομαι,"
[definition unavailable]
",1
1741,ἀρημένος,"
		distressed, worn out,
    	",1
1742,ἀοιδή,"
		song,
    	",1
1743,ὧδε,"
		in this wise, thus,
    	",1
1744,ᾠδή,"
		song, lay, ode,
    	",1
1745,ᾠδός,"
		singer,
    	",1
1746,ἄυπνος,"
		sleepless, wakeful
    	",1
1747,ἄμμος,"
[definition unavailable]
",1
1748,βρότος,"
		blood that has run from a wound, gore
    	",1
1749,βροτός,"
		mortal man
    	",1
1750,ἀέκων,"
		involuntary, constrained
    	",1
1751,κτείνω,"
		kill, slay
    	",2
1752,βία,"
		bodily strength, force
    	",1
1753,κρατερός,"
		strong, stout, mighty
    	",1
1754,πτερόεις,"
		feathered, winged
    	",1
1755,ἀγορεύω,"
		speak in the assembly, harangue
    	",1
1756,βιάζω,"
		constrain
    	",1
1757,νόσος,"
		sickness, disease, plague,
    	",1
1758,νοῦσος,"
		sickness,
            illness, disease.
    	",1
1759,πάτριος,"
		of
    	",1
1760,πατριά,"
		lineage, descent
    	",1
1761,πατριάζω,"
		take after one's father
    	",1
1762,ἄπειμι,"
		sum
    	",1
1763,ἄπειμι2,"
		ibo
    	",1
1764,γελάω,"
		laugh
    	",1
1765,Κήρ,"
		the goddess of death
    	",2
1766,κήρ,"
		the goddess of death
    	",2
1767,κήρα,"
		cera, wax tablet,
    	",2
1768,κῆρ,"
		heart
    	",2
1769,κηρίς,"
[definition unavailable]
",2
1770,κηρός,"
		bees-wax
    	",2
1771,ὄνομαι,"
		blame, find fault with, treat scornfully,
    	",1
1772,ἐξαπατάω,"
		deceive
    	",1
1773,μήτις,"
		do I
    	",1
1774,μῆτις,"
		counsel
    	",1
1775,ἄμυμος,"
[definition unavailable]
",1
1776,ἀμύμων,"
		blameless, noble, excellent,
    	",1
1777,στεναχέω,"
[definition unavailable]
",1
1778,ὠδίνω,"
		to have the pains of childbirth, be in travail,
    	",1
1779,ὠδίς,"
		pangs
    	",1
1780,ὀδύνη,"
		pain of body,
    	",2
1781,ὀδυνάω,"
		cause
    	",2
1782,ψηλαφάω,"
		feel
    	",1
1783,εἴλω,"
		shut in
    	",1
1784,καθέζομαι,"
		sit down, take one's seat
    	",1
1785,πετάννυμι,"
		fly
    	",1
1786,στείχω,"
		walk, march, go
    	",1
1787,θύραζε,"
		to the door
    	",3
1788,θυράζω,"
		thrust out of doors
    	",3
1789,ἔλπω,"
		cause to hope
    	",1
1790,ὅπως,"
		how,
    	",2
1791,ὅπωϲ,"
		in any way whatever, ever so little,
    	",2
1792,ὅπω?,"
		how ever,
    	",2
1793,ὄχα,"
		far
    	",2
1794,ὄχος,"
		places of shelter
    	",2
1795,ὀχάομαι,"
		leap,
    	",2
1796,ὀχή,"
		prop, support
    	",2
1797,ὀχός,"
		firm, secure
    	",2
1798,ἄριστον,"
		morning meal, breakfast,
    	",1
1799,λύσις,"
		loosing, releasing, ransoming
    	",1
1800,ψύχω,"
		Phdr..
    	",2
1801,ἐγγύθεν,"
		from nigh at hand
    	",1
1802,εὐτρεφής,"
		well-fed
    	",1
1803,δασύμαλλος,"
		thick-fleeced, woolly,
    	",1
1804,καλέω,"
		call, summon
    	",1
1805,ἰοδνεφής,"
		dark as the flower
    	",1
1806,εἶρος,"
		wool
    	",1
1807,ἄκος,"
		cure, remedy
    	",1
1808,ἀκέω,"
[definition unavailable]
",1
1809,ἀκέω2,"
		to be silent
    	",1
1810,ἀκέων,"
		softly, silently
    	",1
1811,συνέργω,"
		shut up
    	",1
1812,ἐυστρεφής,"
		well-twisted
    	",1
1813,λύγος,"
		agnus castus, Vitex Agnus-castus, withy
    	",1
1814,λυγόω,"
		tie fast
    	",1
1815,εὕδω,"
		sleep
    	",1
1816,πέλωρ,"
		portent, prodigy, monster
    	",1
1817,πελωρίς,"
		mussel
    	",1
1818,εἰδοί,"
		Idus
    	",1
1819,τρέω,"
		flee from fear, flee away
    	",1
1820,μέσης,"
		a wind between
    	",1
1821,μέσος,"
		b
    	",1
1822,μεσάζω,"
		to be half-cooked
    	",1
1823,μεσόω,"
		to be in
    	",1
1824,τῷ,"
		therefore, in this wise, then,
    	",2
1825,ἴτης,"
[definition unavailable]
",1
1826,ἰτός,"
		ibo
    	",1
1827,σώω,"
[definition unavailable]
",1
1828,τρεῖς,"
		three
    	",1
1829,φάος,"
		light,
    	",1
1830,φώς,"
		man, wight;
    	",1
1831,ἐριστός,"
		that may be contested,
    	",1
1832,νῶτον,"
		back,
    	",2
1833,λάσιος,"
		shaggy, woolly
    	",1
1834,γαστήρ,"
		paunch, belly
    	",1
1835,ἐλύω,"
		roll round
    	",1
1836,ἄωτον,"
		the choicest, the flower of its kind
    	",1
1837,ἄωτος,"
		without ears,
    	",1
1838,ἀωτέω,"
		sleep,
    	",1
1839,νωλεμές,"
		without pause, unceasingly,
    	",1
1840,στρέφω,"
		Aër.
    	",1
1841,τλάω,"
		suffer, undergo
    	",1
1842,νομόνδε,"
		to pasture,
    	",1
1843,θῆλυς,"
		female
    	",1
1844,θηλέω,"
		to be full of, abound in
    	",1
1845,μηκάομαι,"
		bleat
    	",1
1846,ἀνήμελκτος,"
		unmilked,
    	",1
1847,οὖθαρ,"
		udder
    	",1
1848,Ἄνακες,"
		the Dioscuri, Pollux and Castor,
    	",1
1849,τείρω,"
		oppress, distress, weaken
    	",1
1850,ὀρθός,"
		straight,
    	",1
1851,ὀρθόω,"
		set straight,
    	",1
1852,νοέω,"
		Excerpta e libris Herodiani
    	",1
1853,εἰροπόκος,"
		wool-fleeced, woolly
    	",1
1854,στέρνον,"
		breast, chest
    	",1
1855,ὕστατος,"
		last,
            hindmost.
    	",2
1856,λάχνος,"
		glutton,
    	",1
1857,πυκινός,"
		shrewd
    	",1
1858,πυκνός,"
[definition unavailable]
",1
1859,φρονέω,"
		to be minded,
    	",1
1860,κριός,"
		ram
    	",1
1861,πέπων,"
		cooked by the sun, ripe
    	",1
1862,πάρος,"
		aforetime, formerly
    	",1
1863,Νέμειος,"
		Nemean
    	",1
1864,Νεμέα,"
		wooded district
    	",1
1865,τέρην,"
		soft, delicate
    	",1
1866,πόα,"
		grass,
    	",1
1867,ποίησις,"
		fabrication, creation, production,
    	",1
1868,ποῖος,"
		of what kind?
    	",1
1869,ποιός,"
		of a certain nature, kind,
    	",1
1870,βίβημι,"
		to stride
    	",1
1871,βιβάω,"
		stride
    	",1
1872,βιβάζω,"
		cause to mount, exalt
    	",1
1873,ῥόα,"
		pomegranate-tree, Punica Granatum
    	",1
1874,ῥοάς,"
		shedding of fruit
    	",1
1875,ῥοή,"
		river, stream
    	",1
1876,ποταμός,"
		river, stream,
    	",1
1877,ἀφικάνω,"
		arrive at,
    	",1
1878,σταθμόνδε,"
		to the stall, homewards
    	",1
1879,ἀπονέομαι,"
		go away, depart,
    	",1
1880,ἀπονέω,"
		unload
    	",1
1881,ἀπονέω2,"
		to be without pain,
    	",1
1882,πανύστατος,"
		last of all
    	",1
1883,ἀνακτός,"
		drawn from a spring,
    	",1
1884,ποθέω,"
		long for, yearn after
    	",1
1885,ἐξαλαόω,"
		blind utterly,
    	",1
1886,λυγρός,"
		baneful, mournful
    	",1
1887,φύζω,"
[definition unavailable]
",1
1888,ὁμοφρονέω,"
		to be of the same mind, have the same thoughts,
    	",1
1889,ποτιφωνήεις,"
[definition unavailable]
",1
1890,προσφωνήεις,"
		addressing, capable of addressing
    	",1
1891,κεῖνος,"
		that, those
    	",1
1892,κεινός,"
[definition unavailable]
",1
1893,κενός,"
		empty
    	",1
1894,μένος,"
		might, force
    	",1
1895,ἠλασκάζω,"
		shun, flee from
    	",1
1896,ἄλλυδις,"
		elsewhither,
    	",1
1897,ἅλλομαι,"
		sal-
    	",1
1898,ἄλλῃ,"
		in another place, elsewhere
    	",1
1899,θείνω,"
		strike
    	",1
1900,ῥαίω,"
		break, shiver, shatter
    	",1
1901,ῥαίζω,"
		to grow easier, find relief, recover from illness
    	",1
1902,λωφάω,"
		rest, give over
    	",1
1903,λωφέω,"
[definition unavailable]
",1
1904,κακόω,"
		maltreat, distress
    	",1
1905,οὐτιδανός,"
		of no account, worthless
    	",2
1906,πέντε,"
		five
    	",1
1907,ἠβαιός,"
		small
    	",1
1908,ὑπολύω,"
		loosen beneath
    	",1
1909,ταναύπους,"
		stretching the feet, long-striaing, long-shanked
    	",1
1910,περιτροπέω,"
		revolving
    	",1
1911,ἀσπάσιος,"
		welcome, gladly welcomed,
    	",1
1912,γοάω,"
		groan, weep
    	",1
1913,νεύω,"
		incline in any direction
    	",1
1914,κλείω,"
		shut, close, bar
    	",1
1915,γέγωνα,"
		shout so as to make oneself heard
    	",1
1916,γεγωνός,"
		loud-sounding, sonorous
    	",1
1917,κερτόμιος,"
		heart-cutting, stinging, reproachful
    	",1
1918,κερτομέω,"
		taunt, sneer at
    	",1
1919,ἄναλκις,"
		without strength, impotent, feeble,
    	",1
1920,σπάω,"
		draw
    	",1
1921,λίαν,"
		very, exceedingly
    	",1
1922,ἔσθω,"
		eat,
    	",1
1923,εἰστίθημι,"
		put into, place in,
    	",1
1924,χολόω,"
		anger, provoke,
    	",1
1925,κηρόθι,"
		with all the heart, heartily
    	",1
1926,ἀπορρήγνυμι,"
		break off,
    	",1
1927,ἀπορρήσσω,"
[definition unavailable]
",1
1928,κορύπτω,"
		butt with the head
    	",1
1929,προπάροιθε,"
		before, in front of,
    	",1
1930,κυανόπρῳρος,"
		darkprowed
    	",2
1931,κλύζω,"
		wash, dash over
    	",2
1932,κατέρχομαι,"
		go down
    	",2
1933,παλιρρόθιος,"
		back-rushing, refluent
    	",1
1934,πλημμυρίς,"
		a rise of the sea
    	",1
1935,πλημυρίς,"
		rise of the sea, as at flood-tide,
    	",1
1936,θεμόω,"
		drove
    	",2
1937,περιμήκης,"
		very tall
    	",1
1938,κοντός,"
		short
    	",1
1939,ἐμβάλλω,"
		throw in
    	",1
1940,κώπη,"
		handle
    	",1
1941,κωπάω,"
[definition unavailable]
",1
1942,κωπέω,"
		furnish with oars
    	",1
1943,κωπεύς,"
		pieces of wood fit for making oars, spars
    	",1
1944,ὑπέκ,"
		out from under, from beneath, away from,
    	",1
1945,κακότης,"
		badness
    	",1
1946,κατανεύω,"
		nod assent
    	",1
1947,προπίτνω,"
		fall prostrate,
    	",1
1948,δίς,"
		twice, doubly,
    	",1
1949,πράσσω,"
		pass through, pass over,
    	",1
1950,ἐρητύω,"
		restrain, check,
    	",1
1951,ἐρεθίζω,"
		rouse to anger, rouse to fight,
    	",1
1952,πόντονδε,"
		into the sea,
    	",1
1953,βέλος,"
		missile
    	",1
1954,φθέγγομαι,"
		utter a sound
    	",1
1955,ἄραξ,"
[definition unavailable]
",1
1956,ἄραξις,"
		dashing, beating,
    	",1
1957,ἀράξα,"
[definition unavailable]
",1
1958,ἀράσσω,"
		smite, dash in pieces,
    	",1
1959,κεφαλή,"
		head
    	",1
1960,μάρμαρον,"
		marble
    	",1
1961,μάρμαρος,"
		crystalline rock
    	",1
1962,ὀκριόεις,"
		having many points
    	",1
1963,ἰάομαι,"
		j
    	",2
1964,πειθός,"
[definition unavailable]
",1
1965,κοτέω,"
		bear
    	",1
1966,καταθνητός,"
		mortal
    	",1
1967,ἐρῶ,"
		verbum,
    	",1
1968,εἰρέω,"
		say
    	",1
1969,ἀεικέλιος,"
		illfavored
    	",1
1970,ἀεικής,"
		unseemly, shameful
    	",1
1971,ἀλαωτύς,"
		blinding
    	",1
1972,πτολιπόρθιος,"
		sacker of
            cities
    	",2
1973,Λαέρτης,"
		Laertes
    	",2
1974,οἰκία,"
		building, house, dwelling,
    	",2
1975,οἰκίον,"
		house, palace,
    	",2
1976,μῦθος,"
		word, speech
    	",1
1977,πόποι,"
		oh strange! oh shame!
    	",1
1978,παλαίφατος,"
		spoken long ago
    	",1
1979,θέσφατος,"
		spoken by God, decreed
    	",1
1980,ἐνθάδε,"
		thither, hither,
    	",1
1981,μάντις,"
		diviner, seer, prophet
    	",1
1982,ἐύς,"
		good, brave, noble
    	",1
1983,Τήλεμος,"
[definition unavailable]
",1
1984,Εὐρυμίδης,"
		son of
            Eurymus
    	",1
1985,μαντόσυνος,"
		oracular
    	",1
1986,μαντοσύνη,"
		the art of divination
    	",1
1987,καίνυμαι,"
		to surpass, excel
    	",1
1988,μαντεύομαι,"
		divine, prophesy
    	",1
1989,καταγηράσκω,"
		grow old
    	",1
1990,ἔφημαι,"
		to be seated on, sit on
    	",1
1991,τελευτάω,"
		bring to pass, accomplish
    	",1
1992,ὀπίσσω,"
[definition unavailable]
",1
1993,ὀπίσω,"
		backwards,
    	",1
1994,ὀπίζω,"
		extract juice from,
    	",1
1995,Χείρων,"
		Cheiron,
    	",1
1996,χείρων,"
		mcaner, inferior,
    	",1
1997,χειρόω,"
[definition unavailable]
",1
1998,χειρόω2,"
		worst, master, subdue,
    	",1
1999,ἁμαρτάνω,"
		Acut. (Sp.)
    	",1
2000,ἁμαρτέω,"
		attend, accompany,
    	",1
2001,ὀπωπή,"
		a sight
    	",1
2002,ἐνθαδί,"
[definition unavailable]
",1
2003,ὀλίγος,"
		little, small,
    	",1
2004,ἄκικυς,"
		powerless, feeble
    	",1
2005,ἀλαόω,"
		to blind
    	",1
2006,δεῦρο,"
		hither,
    	",1
2007,θειάζω,"
		to be inspired, frenzied
    	",1
2008,θειόω,"
		fumigate with brimstone
    	",1
2009,πομπή,"
		conduct, escort,
    	",1
2010,ὀτρύνω,"
		stir up, egg on, encourage
    	",1
2011,Ἐννοσίγαιος,"
		Earth-shaker,
    	",1
2012,ἕμος,"
[definition unavailable]
",2
2013,εὐχέτης,"
		one who prays
    	",1
2014,εὐχετάομαι,"
		pray
    	",1
2015,θνητός,"
		liable to death, mortal
    	",1
2016,αἰών,"
		aevum
    	",1
2017,εὖνις,"
		bedfellow, wife
    	",1
2018,δόμος,"
		domus
    	",1
2019,Ἅιδης,"
		ao
    	",1
2020,εἴσω,"
		to within, into :
    	",1
2021,ἵζω,"
		si-sd-ō
    	",1
2022,ὀρέγω,"
		reach, stretch, stretch out,
    	",1
2023,ἀστερόεις,"
		like a star, sparkling,
    	",1
2024,κλύω,"
		hear
    	",1
2025,γαιήοχος,"
		earth-moving, earth-carrying
    	",1
2026,κυανοχαίτης,"
		dark-haired
    	",1
2027,ἐτεός,"
		true, genuine
    	",1
2028,μοιρίς,"
		divided
    	",1
2029,ὀψέ,"
		after a long time, at length, late
    	",1
2030,ἀλλότριος,"
		of
    	",1
2031,ἀλλοτριάζω,"
		to be ill-disposed
    	",1
2032,Εὖρος,"
		the East wind
    	",1
2033,ἐύρρους,"
		flowing well
    	",1
2034,πῆμα,"
		misery, calamity
    	",1
2035,ἐκλύω,"
		set free,
    	",1
2036,ἐξαῦτις,"
		once more, anew,
    	",1
2037,ἦκα,"
		slightly, a little
    	",1
2038,ἠκή,"
		edge, meeting-point
    	",1
2039,ἠκής,"
		sharp
    	",1
2040,ἐπιδινέω,"
		whirl for
    	",1
2041,ἐπερείδω,"
		drive against,
    	",1
2042,ἀπέλεθρος,"
		immeasurable,
    	",1
2043,μετόπισθε,"
		from behind, backwards, back
    	",1
2044,τυτθός,"
		little, small, young,
    	",1
2045,δεύω2,"
		miss, want,
    	",1
2046,οἰήιον,"
		a rudder, helm
    	",1
2047,πρόσω,"
		forwards, onwards
    	",1
2048,προσίημι,"
		let come to
    	",1
2049,ἀθρόος,"
		in crowds, heaps
    	",1
2050,προσδέχομαι,"
		receive favourably, accept
    	",1
2051,ψάμαθος,"
		sand of the sea-shore,
    	",1
2052,δαίω,"
		dunō óti
    	",1
2053,δαίω2,"
		divide
    	",1
2054,ἔξοχος,"
		standing out, jutting,
    	",1
2055,ἐξοχή,"
		prominence,
    	",1
2056,κελαινεφής,"
		black with clouds
    	",1
2057,Κρονίδης,"
		son of Cronos
    	",1
2058,ἀνάσσω,"
		to be lord, master,
    	",1
2059,μηρία,"
		thigh-bones
    	",1
2060,ἐμπάζομαι,"
		busy oneself about, take heed of, care for
    	",1
2061,ἱρός,"
[definition unavailable]
",1
2062,ἰρών,"
		region
    	",1
2063,μερμηρίζω,"
		to be anxious
    	",1
